address,flag_name,size_bytes,confidence,classification,consumers,access,sample_sites,review
0x4002A,game.startup_hook2_slot,6,Verified,direct,os_selftest_loop,a;r?,os_selftest_loop@0x01448#a,
0x40036,game.startup_hook1_slot,6,Verified,direct,os_selftest_loop,a;r?,os_selftest_loop@0x01430#a,
0x4003C,game.startup_hook3_slot,6,Verified,direct,os_selftest_loop,a;r?,os_selftest_loop@0x01460#a,
0x40042,game.vblank_hook_slot,6,Verified,direct,read_debounced_input,a;r?,read_debounced_input@0x0116A#a,
0x4004E,game.post_attract_hook_slot,6,Verified,direct,os_selftest_loop,a;r?,os_selftest_loop@0x012FE#a,
0x4005A,game.header_ff_pad_4005a,6,Verified,unreferenced,-,-,-,
0x40060,game.mob_fill_value,2,Verified,direct,display_init_clear,rw,display_init_clear@0x01664#rw,
0x40062,game.pf_fill_value,2,Verified,direct,os_selftest_loop,rw,os_selftest_loop@0x0154C#rw,
0x40064,game.reserved_header_40064,9,Verified,unreferenced,-,-,-,
0x4006D,game.eeprom_start,1,Verified,direct,eeprom_init;write_game_config,rb,eeprom_init@0x045A4#rb;write_game_config@0x03E6E#rb,
0x4006E,game.reserved_header_4006e,1,Verified,unreferenced,-,-,-,
0x4006F,game.difficulty_byte,1,Verified,direct,eeprom_clear_difficulty_rows;eeprom_decode_block_to;eeprom_init;read_eeprom_setting;read_game_config;record_player_session_histogram;run_statistics_histograms;run_statistics_summary,rb,eeprom_clear_difficulty_rows@0x047BA#rb;eeprom_decode_block_to@0x04756#rb;eeprom_init@0x04514#rb;eeprom_init@0x045B2#rb,
0x40070,game.screen_mode,2,Verified,direct,one_time_init;run_game_options,rw,one_time_init@0x432E2#rw;run_game_options@0x05906#rw,
0x40072,game.rom_type_flag,1,Verified,direct,display_next_screen_prompt;display_next_test_prompt;draw_game_settings_bits;init_alpha_display;render_option_record;render_option_record_page;run_coin_options;run_game_options;run_game_settings_bit_editor;run_option_descriptor_editor;run_statistics_histograms;run_statistics_summary;run_switch_test,rb,display_next_screen_prompt@0x04BE8#rb;display_next_test_prompt@0x02276#rb;draw_game_settings_bits@0x053B0#rb;draw_game_settings_bits@0x053C0#rb,
0x40073,game.reserved_header_40073,1,Verified,direct,run_sound_test,rb,run_sound_test@0x0253E#rb;run_sound_test@0x0275E#rb,
0x40074,game.button0_label_ptr,4,Verified,direct,display_next_screen_prompt;run_game_settings_bit_editor;run_option_descriptor_editor;run_statistics_histograms;run_statistics_summary;selftest_load_control_labels,rl,display_next_screen_prompt@0x04C0E#rl;run_game_settings_bit_editor@0x05298#rl;run_option_descriptor_editor@0x054D6#rl;run_statistics_histograms@0x04F22#rl,
0x40078,game.button1_label_ptr,4,Verified,direct,run_game_settings_bit_editor;run_option_descriptor_editor;run_statistics_histograms;run_statistics_summary;selftest_load_control_labels,rl,run_game_settings_bit_editor@0x05286#rl;run_option_descriptor_editor@0x054B0#rl;run_statistics_histograms@0x04EE2#rl;run_statistics_summary@0x0519A#rl,
0x4007C,game.joystick_label_ptr,4,Verified,direct,selftest_load_control_labels,rl,selftest_load_control_labels@0x01254#rl,
0x40080,game.checksum_table,24,Verified,direct,main_init_cont,a;rl,main_init_cont@0x0082C#a,
0x40098,game.header_zero_pad_40098,4,Verified,unreferenced,-,-,-,
0x4009C,game.copyright_morse_signature,9,Verified,unreferenced,-,-,-,
0x400A5,game.header_ff_pad,57,Verified,unreferenced,-,-,-,
0x400FC,game.unreferenced_ram_value_pair,6,Verified,indirect,player_give_item_with_message,-,ptr:powerup_bit_masks,
0x40102,game.joystick_label,17,Verified,indirect,selftest_load_control_labels,-,ptr:game.joystick_label_ptr,
0x40113,game.fire_label,22,Verified,indirect,run_game_settings_bit_editor;run_option_descriptor_editor;run_statistics_histograms;run_statistics_summary;selftest_load_control_labels,-,ptr:game.button1_label_ptr,
0x40129,game.magic_label,23,Verified,indirect,display_next_screen_prompt;run_game_settings_bit_editor;run_option_descriptor_editor;run_statistics_histograms;run_statistics_summary;selftest_load_control_labels,-,ptr:game.button0_label_ptr,
0x405C0,forcefield_color_steps,8,Verified,direct,main_cycle_tport_and_ffield,a,main_cycle_tport_and_ffield@0x405A8#a,
0x405C8,palette_offset_by_floorpattern,16,Verified,direct,maze_setupnew,a;rb,maze_setupnew@0x44BBE#a,
0x405D8,palette_offset2_by_floorpattern,16,Verified,direct,maze_setupnew,a;rb,maze_setupnew@0x44BDA#a,
0x405E8,vscroll_alpha_gradient,64,Verified,direct,game_vblank,a,game_vblank@0x4031A#a,
0x40B58,mob_collision_type_filter,64,Verified,direct,shot_collision_candidate_core,a;rb,shot_collision_candidate_core@0x40B4A#a,
0x40B98,shot_collision_width,24,Verified,direct,shot_mob_collision,?;a;rw,shot_mob_collision@0x40914#a,
0x40BB0,shot_collision_height,24,Verified,resolved,shot_mob_collision,?;rw,shot_mob_collision@0x40930#rw;shot_mob_collision@0x4095A#?,
0x40BC8,dragon_shot_collision_width,8,Verified,direct,shot_mob_collision,a;rw,shot_mob_collision@0x40A5C#a,
0x40BD0,dragon_shot_collision_height,8,Verified,resolved,shot_mob_collision,rw,shot_mob_collision@0x40A66#rw,
0x40BD8,shot_collision_probe_offsets,160,Verified,direct,game_vblank;shot_mob_collision,a,game_vblank@0x40382#a;shot_mob_collision@0x409D4#a,
0x40D78,monster_kill_score_by_multiplier,18,Verified,direct,monster_update_anim_tile,a;rw,monster_update_anim_tile@0x41630#a,
0x40D8A,monster_shoot_axis_thresholds,40,Verified,direct,monster_find_and_shoot,a;rw,monster_find_and_shoot@0x4181C#a;monster_find_and_shoot@0x418EC#a,
0x40DB2,monster_anim_idle_ptrs,40,Verified,direct,handle_generate;mob_collision_test;monster_update_anim_tile,a;rl,handle_generate@0x49408#a;mob_collision_test@0x523C0#rl;monster_update_anim_tile@0x414A4#a,
0x40DDA,monster_anim_moving_ptrs,40,Verified,direct,monster_special_handler,a,monster_special_handler@0x411B0#a;monster_special_handler@0x413DC#a,
0x40E02,monster_level_flag_overrides,28,Verified,direct,monsters_everything,a;rb,monsters_everything@0x40F40#a,
0x40E1E,monster_oddangle_table,40,Verified,direct,monster_special_handler,a;rb,monster_special_handler@0x411BA#a;monster_special_handler@0x413E8#a;monster_special_handler@0x413F0#a;monster_special_handler@0x41436#a,
0x40E46,monster_spawn_probability_table,32,Verified,direct,monsters_everything,a;rb,monsters_everything@0x40F70#a,
0x40E66,monster_spawn_probability_bonus_bytes,4,Verified,direct,maze_addrandompickups;player_start_inner,a;rb,maze_addrandompickups@0x44110#a;player_start_inner@0x48EF0#a,
0x41BD0,player_character_collision_block_matrix,32,Verified,direct,player_try_move_core,a,player_try_move_core@0x41E12#a;player_try_move_core@0x4201A#a;player_try_move_core@0x4224E#a;player_try_move_core@0x4245A#a,
0x45C46,door_open_direction_jumptbl,8,Verified,unreferenced,-,-,-,
0x49620,monster_playerhit_jumptbl,20,Verified,unreferenced,-,-,-,
0x4A4FA,stun_direction_remap,64,Verified,direct,main_move_players,a;rb,main_move_players@0x4A8D8#a,
0x4B338,resolve_shot_hit_jumptbl,124,Verified,unreferenced,-,-,-,
0x4FE08,richest_player_tie_jumptbl,16,Verified,unreferenced,-,-,-,
0x51200,player_tile_lowtype_jumptbl,16,Verified,unreferenced,-,-,-,
0x5122A,player_tile_object_jumptbl,34,Verified,unreferenced,-,-,-,
0x52210,mob_collision_object_jumptbl,106,Verified,unreferenced,-,-,-,
0x5318C,game_options_descriptor_stream,442,Verified,direct,game_options_display,a,game_options_display@0x5317C#a,
0x538FE,shot_reflect_center_jumptbl,10,Verified,unreferenced,-,-,-,
0x53924,shot_reflect_neg42_jumptbl,10,Verified,unreferenced,-,-,-,
0x53948,shot_reflect_neg22_jumptbl,10,Verified,unreferenced,-,-,-,
0x5396A,shot_reflect_pos1e_jumptbl,10,Verified,unreferenced,-,-,-,
0x53992,shot_reflect_pos3e_jumptbl,10,Verified,unreferenced,-,-,-,
0x54BD6,dragon_head_hitbox_offsets,10,Verified,direct,dragon_shot_hitbox_adjust,?;a;rw,dragon_shot_hitbox_adjust@0x54B7E#a,
0x54CA6,secret_code_alphabet,32,Verified,direct,secret_code_build,?;a;rb,secret_code_build@0x54C1A#a,
0x54CC6,secret_code_crc16_table,512,Verified,direct,secret_code_build,?;a;rb,secret_code_build@0x54BEE#a,
0x55512,dead_name_entry_epilogue_fragments,60,Verified,unreferenced,-,-,-,
0x56F5C,dead_slapstic_verify_suffix,76,Verified,unreferenced,-,-,-,
0x56FA8,pad_56fa8,88,Verified,unreferenced,-,-,-,
0x57000,residue_word_57000,2,Verified,unreferenced,-,-,-,
0x57002,character_announcement_speech_ptrs,16,Verified,direct,coincheck;player_coindrop,a;rl,coincheck@0x42CB0#a;player_coindrop@0x488FE#a,
0x57012,random_maze_flags,52,Verified,direct,get_random_maze_flags,a;rl,get_random_maze_flags@0x436DC#a,
0x57046,slapstic_bitwise_addr_a,8,Verified,direct,slapstic_cmd_bitwise,a;rw,slapstic_cmd_bitwise@0x4383A#a,
0x5704E,slapstic_bitwise_addr_b,8,Verified,direct,slapstic_cmd_bitwise,a;rw,slapstic_cmd_bitwise@0x4385E#a,
0x57056,challenge_target_object_types,28,Verified,direct,maze_new_level_setup,a;rw,maze_new_level_setup@0x43C2E#a,
0x57072,character_select_instruction_chain,66,Verified,direct,start_attract_to_game,a,start_attract_to_game@0x44340#a,
0x570B4,portrait_display_offsets,8,Verified,direct,start_attract_to_game,a;rb,start_attract_to_game@0x442D2#a;start_attract_to_game@0x442E2#a,
0x570BC,portrait_alpha_words,8,Verified,direct,start_attract_to_game,a;rw,start_attract_to_game@0x44308#a,
0x570C4,portrait_sprite_words,8,Verified,direct,start_attract_to_game,a;rw,start_attract_to_game@0x44324#a,
0x570CC,portrait_alpha_dest_ptrs,16,Verified,direct,start_attract_to_game,a;rl,start_attract_to_game@0x442FA#a,
0x570DC,portrait_sprite_dest_ptrs,16,Verified,direct,start_attract_to_game,a;rl,start_attract_to_game@0x44316#a,
0x570EC,joystick_direction_bitmasks,32,Verified,unreferenced,-,-,-,unreferenced_unexpected
0x5710C,floor_palette_color_indices,108,Verified,direct,init_display,a;rw,init_display@0x43652#a,
0x57178,service_instruction_text_chain,96,Verified,direct,eeprom_load_config,a,eeprom_load_config@0x430C0#a,
0x571D8,forcefield_delay_alignment,2,Verified,unreferenced,-,-,-,unreferenced_unexpected
0x571DA,forcefield_cycle_delay_profiles,32,Verified,indirect,maze_setupnew,-,ptr:forcefield_cycle_delay_ptrs,
0x571FA,forcefield_cycle_delay_ptrs,16,Verified,direct,maze_setupnew,a,maze_setupnew@0x44C00#a,
0x5720A,secret_player_palette_words,8,Verified,direct,show_level_start_screen,a;rw,show_level_start_screen@0x44FA4#a,
0x57212,player_color_name_ptrs,16,Verified,direct,show_level_start_screen,a;rl,show_level_start_screen@0x44FB8#a,
0x57222,player_color_name_strings,32,Verified,indirect,show_level_start_screen,-,ptr:player_color_name_ptrs,
0x57242,character_name_ptrs,16,Verified,direct,show_level_start_screen,a;rl,show_level_start_screen@0x44FE4#a,
0x57252,character_name_strings,40,Verified,indirect,show_level_start_screen,-,ptr:character_name_ptrs,
0x5727A,level_start_message_strings,180,Verified,direct,setup_infopanel;show_level_start_screen,a,setup_infopanel@0x45332#a;show_level_start_screen@0x44F84#a;show_level_start_screen@0x45002#a;show_level_start_screen@0x45018#a,
0x5732E,level_start_row_bytes,6,Verified,direct,player_inv_update,a;rb,player_inv_update@0x45BBA#a,
0x57334,level_start_attr_words,12,Verified,direct,player_inv_update,a;rw,player_inv_update@0x45BA8#a,
0x57340,character_hud_text_ptrs,16,Verified,direct,setup_infopanel;start_attract_to_game,a;rl,setup_infopanel@0x454CC#a;start_attract_to_game@0x442C6#a,
0x57350,player_text_palette_words,8,Verified,direct,attract_highscores;demo_message_show;dialog_first_encounter;draw_player_health;draw_player_initials_entry;draw_player_score;player_death_sequence;player_give_item_with_message;secret_name_entry_update;setup_infopanel,a;rw,attract_highscores@0x4A1E4#a;demo_message_show@0x4CA54#a;dialog_first_encounter@0x4C5AA#a;draw_player_health@0x459C0#a,
0x57358,treasure_room_duration,8,Verified,direct,show_level_start_screen,a;rw,show_level_start_screen@0x44F24#a,
0x57360,challenge_timer_base,28,Verified,direct,show_level_start_screen,a;rw,show_level_start_screen@0x44E4E#a,
0x5737C,challenge_timer_random_minutes,28,Verified,direct,show_level_start_screen,a;rw,show_level_start_screen@0x44E66#a,
0x57398,challenge_shared_qualifier_text,60,Verified,indirect,show_level_start_screen,-,ptr:challenge_qualifier_descs,
0x573D4,challenge_qualifier_descs,112,Verified,direct,show_level_start_screen,a;rl,show_level_start_screen@0x45078#a;show_level_start_screen@0x45098#a;show_level_start_screen@0x4509E#a,
0x57444,challenge_unique_qualifier_text,104,Verified,indirect,show_level_start_screen,-,ptr:challenge_qualifier_descs,
0x574AC,challenge_it_desc,8,Verified,direct,show_level_start_screen,a,show_level_start_screen@0x450B6#a,
0x574B4,challenge_it_text,4,Verified,indirect,show_level_start_screen,-,ptr:challenge_it_desc,
0x574B8,character_glyph_rows,102,Verified,direct,setup_infopanel,a,setup_infopanel@0x454EC#a,
0x5751E,ui_status_strings,90,Verified,direct,setup_infopanel,a,setup_infopanel@0x45598#a;setup_infopanel@0x4561E#a;setup_infopanel@0x45668#a;setup_infopanel@0x456EE#a,
0x57578,dip_switch_display_records,188,Verified,direct,setup_infopanel,a,setup_infopanel@0x45324#a;setup_infopanel@0x45374#a;setup_infopanel@0x453A0#a;setup_infopanel@0x453B8#a,
0x57634,continue_screen_header,16,Verified,direct,show_level_start_screen,a,show_level_start_screen@0x451E0#a,
0x57644,continue_blank_line,20,Verified,direct,show_continue_prompt,a,show_continue_prompt@0x44D18#a;show_continue_prompt@0x44D86#a,
0x57658,continue_press_start,20,Verified,direct,show_continue_prompt,a,show_continue_prompt@0x44D2E#a,
0x5766C,continue_within_seconds,20,Verified,direct,show_continue_prompt,a,show_continue_prompt@0x44D44#a,
0x57680,continue_game_line,20,Verified,direct,show_continue_prompt,a,show_continue_prompt@0x44D5A#a,
0x57694,continue_level_line,20,Verified,direct,show_continue_prompt,a,show_continue_prompt@0x44D70#a,
0x576A8,heartbeat_mask_table,14,Verified,direct,main_health_countdown,a;rw,main_health_countdown@0x46BC4#a,
0x576B6,score_star_picture_cycle,28,Verified,direct,main_score_update,a;rw,main_score_update@0x47440#a,
0x576D2,score_effect_picture_cycle_a,8,Verified,direct,main_score_update,a;rw,main_score_update@0x47492#a,
0x576DA,score_effect_picture_cycle_b,8,Verified,direct,main_score_update,a;rw,main_score_update@0x474D6#a,
0x576E2,shot_velocity_x,176,Verified,direct,main_handle_shots,a;rw,main_handle_shots@0x4787A#a;main_handle_shots@0x478E8#a;main_handle_shots@0x47954#a;main_handle_shots@0x47986#a,
0x57792,shot_velocity_y,176,Verified,direct,main_handle_shots,a;rw,main_handle_shots@0x47898#a;main_handle_shots@0x4790C#a;main_handle_shots@0x479AA#a,
0x57842,player_power_palette_handler_ptrs,16,Verified,direct,player_start_inner,a;rl,player_start_inner@0x48D1E#a,
0x57852,player_hurt_palette_handler_ptrs,16,Verified,direct,player_start_inner,a;rl,player_start_inner@0x48D42#a,
0x57862,health_per_coin_table,64,Verified,direct,coincheck;player_coindrop;setup_infopanel,a;rw,coincheck@0x42C20#a;player_coindrop@0x488EC#rw;player_coindrop@0x4891C#rw;player_coindrop@0x4893A#a,
0x578A2,spawn_candidate_column_delta,16,Verified,direct,nearby_mob_clearance_test;player_start_inner;supersorc_place;tile_occupancy_test,a;rw,nearby_mob_clearance_test@0x50D68#a;player_start_inner@0x48C4A#a;supersorc_place@0x5FEC8#a;tile_occupancy_test@0x48F82#a,
0x578B2,spawn_candidate_row_delta,16,Verified,direct,nearby_mob_clearance_test;player_start_inner;supersorc_place;tile_occupancy_test,a;rw,nearby_mob_clearance_test@0x50D50#a;player_start_inner@0x48C34#a;supersorc_place@0x5FEB6#a;tile_occupancy_test@0x48F6C#a,
0x578C2,shot_counter_reload,24,Verified,direct,dragon_fire_setup;main_handle_shots;monster_create_shot,a;rw,dragon_fire_setup@0x5489A#a;main_handle_shots@0x475FA#a;main_handle_shots@0x4760A#a;monster_create_shot@0x4916E#a,
0x578DA,random_item_group_ptrs,16,Verified,direct,main_health_countdown;player_tile_interact,a;rl,main_health_countdown@0x46B06#a;player_tile_interact@0x516A8#a;player_tile_interact@0x51C94#a,
0x578EA,random_item_group_counts,8,Verified,direct,main_health_countdown;player_tile_interact,a;rw,main_health_countdown@0x46AE8#a;player_tile_interact@0x51688#a;player_tile_interact@0x51C74#a,
0x578F2,score_spin_picture_cycle,24,Verified,direct,main_score_update,a;rw,main_score_update@0x4729A#a;main_score_update@0x472BE#a;main_score_update@0x4738A#a;main_score_update@0x473B6#a,
0x5790A,start_game_player_count_sounds,16,Verified,direct,main_start_game,a;rl,main_start_game@0x48388#a,
0x5791A,random_item_group_values,24,Verified,indirect,main_health_countdown;player_tile_interact,-,ptr:random_item_group_ptrs,
0x57932,player_transition_sound_ids,16,Verified,direct,main_health_countdown,a;rl,main_health_countdown@0x46B20#a,
0x57942,heartbeat_sound_table,16,Verified,direct,main_health_countdown,a;rl,main_health_countdown@0x46BE8#a,
0x57952,player_coin_sound_ids,16,Verified,direct,player_join_finalize,a;rl,player_join_finalize@0x48AB2#a,
0x57962,early_level_speech_choices,12,Verified,direct,main_start_game,a;rl,main_start_game@0x483A4#a,
0x5796E,later_level_speech_choices,12,Verified,direct,main_start_game,a;rl,main_start_game@0x483E8#a,
0x5797A,character_lowhealth_speech,16,Verified,direct,player_lowhealth,a;rl,player_lowhealth@0x48892#a,
0x5798A,generator_spawn_object_type,36,Verified,direct,handle_generate,a;rw,handle_generate@0x4936E#a,
0x579AE,generator_spawn_vpos_correction,36,Verified,direct,handle_generate,a;rw,handle_generate@0x493D8#a,
0x579D2,death_potion_score_table,16,Verified,direct,death_potion_score,a;rw,death_potion_score@0x49482#a,
0x579E2,death_potion_popup_type_table,16,Verified,direct,death_potion_score,a;rw,death_potion_score@0x49466#a,
0x579F2,score_popup_picture_table,60,Verified,direct,playfield_showscore,a;rw,playfield_showscore@0x494EC#a,
0x57A2E,monster_contact_damage_table,128,Verified,direct,monster_playerhit,a;rw,monster_playerhit@0x497AE#a;monster_playerhit@0x4981E#a;monster_playerhit@0x499F0#a,
0x57AAE,character_hurt_sound_banks,132,Verified,indirect,player_hurt_speech_timer,-,ptr:character_hurt_sound_ptrs,
0x57B32,hurt_speech_cooldown_base,10,Verified,direct,player_hurt_speech_timer,a;rw,player_hurt_speech_timer@0x49AD8#a,
0x57B3C,character_hurt_sound_ptrs,16,Verified,direct,player_hurt_speech_timer,a;rl,player_hurt_speech_timer@0x49B26#a,
0x57B4C,character_hurt_sound_counts,4,Verified,direct,player_hurt_speech_timer,a;rb,player_hurt_speech_timer@0x49B08#a,
0x57B50,generator_cell_dx,24,Verified,direct,handle_generate,a;rw,handle_generate@0x49344#a,
0x57B68,generator_cell_dy,24,Verified,direct,handle_generate,a;rw,handle_generate@0x4932A#a,
0x57B80,generator_spawn_direction,24,Verified,direct,handle_generate,a;rw,handle_generate@0x4937C#a;handle_generate@0x493EC#a,
0x57B98,monster_shot_spawn_h_offset,16,Verified,direct,monster_create_shot,a;rw,monster_create_shot@0x491B0#a,
0x57BA8,monster_shot_spawn_v_offset,16,Verified,direct,monster_create_shot,a;rw,monster_create_shot@0x491C4#a,
0x57BB8,lobber_shot_spawn_h_offset,16,Verified,direct,monster_create_shot;monster_find_and_shoot,a;rb;rw,monster_create_shot@0x491F6#a;monster_find_and_shoot@0x419E8#a,mixed_read_width
0x57BC8,lobber_shot_spawn_v_offset,16,Verified,direct,monster_create_shot;monster_find_and_shoot,a;rb;rw,monster_create_shot@0x49202#a,mixed_read_width
0x57BD8,dead_tile_word_block,738,Verified,unreferenced,-,-,-,
0x57EBA,factory_highscore_records,320,Verified,direct,highscore_table_init,a,highscore_table_init@0x49C70#a,
0x57FFA,score_coin_initials_records,118,Verified,direct,attract_highscores;draw_player_initials_entry,a,attract_highscores@0x4A17A#a;attract_highscores@0x4A186#a;attract_highscores@0x4A192#a;attract_highscores@0x4A19E#a,
0x58070,invisibility_flash_masks,32,Verified,direct,main_move_players,a;rw,main_move_players@0x4AC54#a,
0x58090,fighting_anim_end,8,Verified,direct,main_handle_shots;main_move_players,a;rw,main_handle_shots@0x47BA4#a;main_move_players@0x4A97E#a;main_move_players@0x4A9CC#a;main_move_players@0x4ABDA#a,
0x58098,demo_stream_ptrs,16,Verified,direct,main_move_players,a;rb;rl,main_move_players@0x4A5D8#a,
0x580A8,player_speed_normal,16,Verified,direct,main_move_players,a;rw,main_move_players@0x4A93C#a,
0x580B8,player_anim_rate,16,Verified,direct,main_move_players,a;rw,main_move_players@0x4A946#a,
0x580C8,lobber_lead_distance,16,Verified,resolved,monster_find_and_shoot,rw,monster_find_and_shoot@0x419A6#rw,
0x580D8,player_delta_x,18,Verified,resolved,monster_find_and_shoot,rw,monster_find_and_shoot@0x419AC#rw,
0x580EA,player_delta_y,18,Verified,resolved,monster_find_and_shoot,rw,monster_find_and_shoot@0x419B0#rw,
0x580FC,joystick_nibble_to_direction,32,Verified,direct,corner_squeeze_geometry;monster_find_and_shoot;tport_player_move,a;rw,corner_squeeze_geometry@0x4FF02#a;monster_find_and_shoot@0x4199A#a;tport_player_move@0x506F0#a,
0x5811C,fight_direction_map,32,Verified,direct,main_move_players,a;rw,main_move_players@0x4A998#a,
0x5813C,forcefield_damage_table,32,Verified,direct,main_move_players,a;rl,main_move_players@0x4AA96#a,
0x5815C,dialog_tip_ptrs,48,Verified,direct,demo_message_show,a;rl,demo_message_show@0x4C9C2#a,
0x5818C,demo_player0_input_stream,56,Verified,indirect,main_move_players,-,ptr:demo_stream_ptrs,
0x5818C,demo_input_streams,56,Verified,indirect,main_move_players,-,ptr:demo_stream_ptrs,
0x581C4,demo_player1_input_stream,150,Verified,indirect,main_move_players,-,ptr:demo_stream_ptrs,
0x5825A,demo_player2_input_stream,2,Verified,indirect,main_move_players,-,ptr:demo_stream_ptrs,
0x5825C,demo_player3_input_stream,48,Verified,indirect,main_move_players,-,ptr:demo_stream_ptrs,
0x5828C,dialog_tip_records,642,Verified,indirect,demo_message_show,-,ptr:dialog_tip_ptrs,
0x5850E,attract_display_run_ctrl,125,Verified,direct,load_attract_display_tilemap,?;a;rb,load_attract_display_tilemap@0x443AA#a,
0x5858B,pad_5858b,1,Verified,unreferenced,-,-,-,
0x5858C,mazeobj_hpos_correction_tbl,128,Verified,direct,dragon_shot_hit;main_exit_move;maze_new_level_setup;maze_place_object;maze_randomplace;maze_tile_write_at;mob_collision_test;pf_replace;resolve_shot_hit;thief_remove_and_drop_loot,a;rw,dragon_shot_hit@0x5433E#rw;dragon_shot_hit@0x543DE#rw;main_exit_move@0x529A6#rw;maze_new_level_setup@0x43CC0#rw,
0x5860C,mazeobj_vpos_offset_tbl,64,Verified,direct,dragon_shot_hit;handle_generate;main_health_countdown;maze_new_level_setup;maze_place_object;maze_randomplace;maze_tile_write_at;mob_collision_test;pf_replace;resolve_shot_hit;thief_remove_and_drop_loot,a;rb,dragon_shot_hit@0x54322#rb;dragon_shot_hit@0x543C2#rb;handle_generate@0x49394#a;main_health_countdown@0x46802#rb,
0x5864C,mazeobj_hsize_tier_tbl,64,Verified,direct,dragon_shot_hit;handle_generate;main_health_countdown;maze_new_level_setup;maze_place_object;maze_randomplace;maze_tile_write_at;mob_collision_test;monster_playerhit;monster_update_anim_tile;pf_replace;resolve_shot_hit;thief_remove_and_drop_loot,a;rb,dragon_shot_hit@0x54332#rb;dragon_shot_hit@0x543D2#rb;handle_generate@0x493BA#a;main_health_countdown@0x46824#rb,
0x5868C,mazeobj_base_picture_tbl,128,Verified,direct,dragon_shot_hit;main_health_countdown;main_move_players;maze_place_object;maze_randomplace;maze_tile_write_at;mob_collision_test;monster_update_anim_tile;pf_replace;resolve_shot_hit;thief_remove_and_drop_loot,a;rw,dragon_shot_hit@0x5434A#rw;main_health_countdown@0x46844#rw;main_move_players@0x4A7B2#a;maze_place_object@0x46172#a,
0x5870C,dead_picture_word_block,62,Verified,unreferenced,-,-,-,
0x5874A,anim_table_shooting,256,Verified,direct,main_move_players,a;rw,main_move_players@0x4ABC0#a,
0x5884A,anim_table_fighting,512,Verified,direct,main_move_players,a,main_move_players@0x4AB4A#a,
0x58A4A,anim_table_idle,64,Verified,direct,main_move_players;player_start_inner,a;rw,main_move_players@0x4A690#a;main_move_players@0x4AC1E#a;player_start_inner@0x48D96#a,
0x58A8A,anim_table_walking,256,Verified,direct,main_move_players,a;rw,main_move_players@0x4AB76#a,
0x58B8A,projectile_picture_table,128,Verified,direct,dragon_fire_setup;main_handle_shots;monster_create_shot;player_create_shot,a;rw,dragon_fire_setup@0x548CE#a;main_handle_shots@0x47664#a;main_handle_shots@0x476EC#a;monster_create_shot@0x491E4#a,
0x58C0A,anim_tiles_sorcerer,128,Verified,direct,mob_collision_test;monster_loop_core;monster_update_anim_tile,a;rw,mob_collision_test@0x527F6#a;mob_collision_test@0x52854#a;monster_loop_core@0x410CA#a;monster_update_anim_tile@0x415C6#a,
0x58C8A,thief_escape_anim,16,Verified,direct,main_thief_anim,a;rw,main_thief_anim@0x4E940#a,
0x58C9A,thief_walk_anim,128,Verified,direct,main_thief_anim,a,main_thief_anim@0x4ED34#a,
0x58D1A,thief_idle_by_direction,18,Verified,direct,main_thief_anim,a,main_thief_anim@0x4EDD4#a,
0x58D2C,thief_walk_anim_compact,64,Verified,direct,main_start_thief;main_thief_anim,a;rw,main_start_thief@0x4DF1C#rw;main_thief_anim@0x4ED98#a,
0x58D6C,mugger_walk_anim,128,Verified,direct,main_thief_anim,a;rw,main_thief_anim@0x4ED42#a,
0x58DEC,mugger_idle_by_direction,18,Verified,direct,main_thief_anim,a;rw,main_thief_anim@0x4EDE6#a,
0x58DFE,mugger_walk_anim_compact,64,Verified,direct,main_start_thief;main_thief_anim,a;rw,main_start_thief@0x4DF24#rw;main_thief_anim@0x4EDA6#a,
0x58E3E,special_projectile_picture_table,160,Verified,direct,dragon_fire_setup;main_handle_shots,a;rw,dragon_fire_setup@0x5483C#a;main_handle_shots@0x476BC#a,
0x58EDE,monster_projectile_picture_table,66,Verified,direct,main_handle_shots;monster_create_shot,a;rw,main_handle_shots@0x4770A#a;monster_create_shot@0x49244#a,
0x58F20,invulnerable_food_pictures,6,Verified,direct,maze_place_object;maze_tile_write_at,a;rw,maze_place_object@0x4615E#a;maze_tile_write_at@0x46566#a,
0x58F26,anim_tiles_ghost,128,Verified,indirect,handle_generate;mob_collision_test;monster_update_anim_tile,-,ptr:monster_anim_idle_ptrs,
0x58FA6,anim_tiles_grunt,128,Verified,indirect,handle_generate;mob_collision_test;monster_update_anim_tile,-,ptr:monster_anim_idle_ptrs,
0x59026,anim_tiles_grunt_moving,128,Verified,indirect,monster_special_handler,-,ptr:monster_anim_moving_ptrs,
0x590A6,anim_tiles_demon,128,Verified,indirect,handle_generate;mob_collision_test;monster_update_anim_tile,-,ptr:monster_anim_idle_ptrs,
0x59126,anim_tiles_demon_moving,128,Verified,indirect,monster_special_handler,-,ptr:monster_anim_moving_ptrs,
0x591A6,anim_tiles_lobber,128,Verified,indirect,handle_generate;mob_collision_test;monster_update_anim_tile,-,ptr:monster_anim_idle_ptrs,
0x59226,anim_tiles_sorcerer_moving,128,Verified,indirect,monster_special_handler,-,ptr:monster_anim_moving_ptrs,
0x592A6,anim_tiles_death,128,Verified,indirect,handle_generate;mob_collision_test;monster_update_anim_tile,-,ptr:monster_anim_idle_ptrs,
0x592B6,anim_tiles_death_moving_view,128,Verified,indirect,monster_special_handler,-,ptr:monster_anim_moving_ptrs,
0x59336,anim_tiles_acid,128,Verified,direct,monster_update_anim_tile,a;rw,monster_update_anim_tile@0x415EE#a,
0x593B6,anim_tiles_acid_moving,128,Verified,indirect,monster_special_handler,-,ptr:monster_anim_moving_ptrs,
0x59436,anim_tiles_it,128,Verified,indirect,handle_generate;mob_collision_test;monster_update_anim_tile,-,ptr:monster_anim_idle_ptrs,
0x594B6,anim_tiles_it_special,128,Verified,direct,monster_special_handler,a;rb,monster_special_handler@0x41412#a,
0x59536,anim_tiles_monster_special_attack,128,Verified,direct,monster_special_handler,a,monster_special_handler@0x41218#a,
0x595B6,anim_tiles_lobber_throw,128,Verified,direct,monster_special_handler,a,monster_special_handler@0x4120E#a,
0x59636,anim_tiles_monster_special_state,128,Verified,direct,monster_loop_core,a,monster_loop_core@0x410E4#a;monster_loop_core@0x41190#a,
0x596B6,shot_damage_base_tbl,12,Verified,direct,resolve_shot_hit,a;rb,resolve_shot_hit@0x4AFDA#a,
0x596C2,shot_damage_rand_tbl,12,Verified,direct,resolve_shot_hit,a;rb,resolve_shot_hit@0x4AFE8#a,
0x596CE,monstshot_damage_tbl,40,Verified,direct,pf_door_draw;resolve_shot_hit,?;a;rb,resolve_shot_hit@0x4B256#a,
0x596F6,speech_charname_tbl,64,Verified,direct,player_give_item_with_message;player_it_label_set;player_lowhealth;player_tile_interact;resolve_shot_hit;speech_welcome,a;rl,player_give_item_with_message@0x4C8A4#a;player_it_label_set@0x458D6#a;player_lowhealth@0x4887E#a;player_tile_interact@0x51B38#a,
0x59736,hint_text_ptrs,80,Verified,direct,level_splash,a;rl,level_splash@0x4C13A#a;level_splash@0x4C146#a,
0x59786,hint_text_strings,306,Verified,direct,level_splash,a;rl,level_splash@0x4C06A#a;level_splash@0x4C0B4#a;level_splash@0x4C0CC#a,
0x598B8,hint_text_desc_records,228,Verified,direct,level_splash,a,level_splash@0x4BE6C#a;level_splash@0x4BEA8#a;level_splash@0x4BED4#a;level_splash@0x4BF00#a,
0x5999C,gameplay_tip_strings,440,Verified,direct,level_splash,?;a;rl;rw,level_splash@0x4BFBA#a,
0x59B54,maze_decomp_type_ptrs,16,Verified,direct,maze_decode,a;rl,maze_decode@0x4C280#a,
0x59B64,powerup_bit_masks,24,Verified,direct,player_give_item_with_message,?;a;rw,player_give_item_with_message@0x4C73A#a,
0x59B7C,powerup_speech_ids,48,Verified,direct,player_give_item_with_message,a;rl,player_give_item_with_message@0x4C86A#a;player_give_item_with_message@0x4C936#a,
0x59BAC,first_encounter_message_records,1620,Verified,indirect,dialog_first_encounter,-,ptr:first_encounter_alt_message_ptrs,
0x5A200,first_encounter_message_ptrs,128,Verified,direct,dialog_first_encounter,a,dialog_first_encounter@0x4C4EC#a,
0x5A280,first_encounter_speech_ids,128,Verified,direct,dialog_first_encounter,a;rl,dialog_first_encounter@0x4C510#a;dialog_first_encounter@0x4C520#a,
0x5A300,first_encounter_alt_message_ptrs,128,Verified,direct,dialog_first_encounter,a;rl,dialog_first_encounter@0x4C4F8#a,
0x5A380,powerup_name_strings,384,Verified,indirect,player_give_item_with_message,-,ptr:powerup_name_ptrs,
0x5A500,powerup_name_ptrs,64,Verified,direct,player_give_item_with_message,a;rl,player_give_item_with_message@0x4C8C8#a;player_give_item_with_message@0x4C908#a,
0x5A540,monster_legend_labels,46,Verified,direct,draw_legend_monsters_page,a,draw_legend_monsters_page@0x4CE1E#a;draw_legend_monsters_page@0x4CE36#a;draw_legend_monsters_page@0x4CE54#a;draw_legend_monsters_page@0x4CE6C#a,
0x5A56E,monster_legend_cells,258,Verified,direct,draw_legend_monsters_page,?;a;rl,draw_legend_monsters_page@0x4CE98#a,
0x5A670,monster_object_name_strings,110,Verified,direct,draw_legend_monsters_page;draw_legend_rules_page,a,draw_legend_monsters_page@0x4CDDC#a;draw_legend_monsters_page@0x4CDE6#a;draw_legend_rules_page@0x4D066#a;draw_legend_rules_page@0x4D070#a,
0x5A6DE,legend_powerup_desc_chain,284,Verified,direct,draw_legend_rules_page,a,draw_legend_rules_page@0x4D0F4#a,
0x5A7FA,legend_object_desc_chain,116,Verified,direct,draw_legend_rules_page,a,draw_legend_rules_page@0x4D106#a,
0x5A86E,legend_wallfloor_desc_chain,94,Verified,direct,draw_legend_rules_page,a,draw_legend_rules_page@0x4D118#a,
0x5A8CC,legend_credit_roles_chain,220,Verified,direct,draw_legend_overview_page,a,draw_legend_overview_page@0x4CFB8#a,
0x5A9A8,legend_credit_name_strings,192,Verified,indirect,draw_legend_overview_page,-,ptr:legend_credit_names_chain,
0x5AA68,legend_credit_names_chain,178,Verified,direct,draw_legend_overview_page,a,draw_legend_overview_page@0x4CFCA#a,
0x5AB1A,treasure_bonus_coin_label,12,Verified,direct,show_level_end_bonus_screen,a,show_level_end_bonus_screen@0x4D5B6#a,
0x5AB26,treasure_bonus_treasure_label,12,Verified,direct,show_level_end_bonus_screen,a,show_level_end_bonus_screen@0x4D616#a,
0x5AB32,treasure_bonus_equals_label,8,Verified,direct,show_level_end_bonus_screen,a,show_level_end_bonus_screen@0x4D660#a,
0x5AB3A,treasure_no_bonus_label,12,Verified,direct,show_level_end_bonus_screen,a,show_level_end_bonus_screen@0x4D6D8#a,
0x5AB46,treasure_5000_coin_label,18,Verified,direct,show_level_end_bonus_screen,a,show_level_end_bonus_screen@0x4D756#a,
0x5AB58,treasure_no_bonus_label_alt,12,Verified,direct,show_level_end_bonus_screen,a,show_level_end_bonus_screen@0x4D7F0#a,
0x5AB64,treasure_seconds_speech,44,Verified,direct,main_treasure_timer,a;rl,main_treasure_timer@0x4D446#a,
0x5AB90,treasure_fake_countdown_sequences,80,Verified,indirect,main_treasure_timer,-,ptr:treasure_fake_countdown_ptrs,
0x5ABE0,treasure_fake_countdown_ptrs,16,Verified,direct,main_treasure_timer,a;rl,main_treasure_timer@0x4D392#a,
0x5ABF0,treasure_fakeout_speech,8,Verified,direct,main_treasure_timer,a;rl,main_treasure_timer@0x4D3B4#a,
0x5ABF8,treasure_timeout_speech,16,Verified,direct,main_treasure_timer,a,main_treasure_timer@0x4D434#a,
0x5AC08,treasure_warning_speech,16,Verified,direct,main_treasure_timer,a;rl,main_treasure_timer@0x4D3EE#a,
0x5AC18,treasure_warning_delay,8,Verified,direct,main_treasure_timer,a,main_treasure_timer@0x4D404#a,
0x5AC20,logo_brightness_seq,14,Verified,unreferenced,-,-,-,
0x5AC2E,logo_motion_program_full,32,Verified,direct,title_logo_init,a,title_logo_init@0x4DC8A#a,
0x5AC4E,logo_motion_program_short,16,Verified,direct,title_logo_init,a,title_logo_init@0x4DC92#a,
0x5AC5E,fixed_playfield_palette_bank,192,Verified,direct,init_display,a;rw,init_display@0x43572#a;init_display@0x43682#a;init_display@0x4368E#rw,
0x5AD1E,alpha_palette_init,128,Verified,direct,game_vblank;init_display;main_handle_potions;resolve_shot_hit,?;a;rw,game_vblank@0x40336#a;init_display@0x434C8#a;main_handle_potions@0x4708E#a;resolve_shot_hit@0x4BA74#a,
0x5AD9E,mob_palette_init,128,Verified,unreferenced,-,-,-,unreferenced_unexpected
0x5AE1E,mob_palette_extended,384,Verified,direct,init_display,a,init_display@0x435F8#a,
0x5AF9E,character_palette_ptrs,16,Verified,direct,init_display;player_start_inner,a;rl,init_display@0x4360A#rl;player_start_inner@0x48D70#a,
0x5AFAE,tport_palette_cycle_blocks,96,Verified,direct,game_vblank,a,game_vblank@0x40464#a,
0x5B00E,character_full_palettes,512,Verified,indirect,init_display;player_start_inner,-,ptr:character_palette_ptrs,
0x5B20E,player0_hurt_palette_cycle,72,Verified,direct,game_vblank,a,game_vblank@0x40214#a,
0x5B256,player1_hurt_palette_cycle,72,Verified,direct,game_vblank,a,game_vblank@0x4025C#a,
0x5B29E,player2_hurt_palette_cycle,72,Verified,direct,game_vblank,a,game_vblank@0x402A4#a,
0x5B2E6,player3_hurt_palette_cycle,72,Verified,direct,game_vblank,a,game_vblank@0x402EC#a,
0x5B32E,player0_power_palette_cycle,192,Verified,direct,game_vblank,a,game_vblank@0x401F4#a,
0x5B3EE,player1_power_palette_cycle,192,Verified,direct,game_vblank,a,game_vblank@0x4023C#a,
0x5B4AE,player2_power_palette_cycle,192,Verified,direct,game_vblank,a,game_vblank@0x40284#a,
0x5B56E,player3_power_palette_cycle,192,Verified,direct,game_vblank,a,game_vblank@0x402CC#a,
0x5B62E,thief_stealable_power_masks,12,Verified,direct,thief_steal_from_player,a;rw,thief_steal_from_player@0x4E34E#a;thief_steal_from_player@0x4E37C#a,
0x5B63A,thief_contact_damage,16,Verified,direct,thief_handle_tile_collision,a;rw,thief_handle_tile_collision@0x4F7F4#a,
0x5B64A,direction_column_delta,18,Verified,direct,corner_squeeze_geometry;monster_find_and_shoot;player_tport;supersorc_place;thief_compute_path;thief_enter_tport;thief_test_move_tile;tport_player_move,a;rw,corner_squeeze_geometry@0x4FF12#a;corner_squeeze_geometry@0x50016#a;corner_squeeze_geometry@0x5005E#a;monster_find_and_shoot@0x41A4A#a,
0x5B65C,direction_row_delta,18,Verified,direct,corner_squeeze_geometry;monster_find_and_shoot;player_tport;supersorc_place;thief_compute_path;thief_enter_tport;thief_test_move_tile;tport_player_move,a;rw,corner_squeeze_geometry@0x4FF28#a;corner_squeeze_geometry@0x5002C#a;corner_squeeze_geometry@0x50074#a;player_tport@0x503D2#a,
0x5B66E,maze_object_traversability_flags,64,Verified,direct,thief_compute_path,a;rb,thief_compute_path@0x4FA4E#a;thief_compute_path@0x4FA6E#a,
0x5B6AE,thief_collision_remove_flags,64,Verified,direct,thief_handle_tile_collision,a;rb,thief_handle_tile_collision@0x4F8EC#a,
0x5B6EE,thief_hurt_sound_choices,12,Verified,direct,thief_handle_tile_collision,a;rl,thief_handle_tile_collision@0x4F83C#a,
0x5B6FA,thief_player_speech_ids,8,Verified,direct,main_thief_anim,a;rl,main_thief_anim@0x4E970#a,
0x5B702,mugger_player_speech_ids,8,Verified,direct,main_thief_anim,a;rl,main_thief_anim@0x4E988#a,
0x5B70A,thief_direction_step_size,18,Verified,direct,main_thief_anim,a;rw,main_thief_anim@0x4ECD2#a,
0x5B71C,tport_direction_rotation,8,Verified,direct,tport_player_move,a;rb,tport_player_move@0x5070C#a,
0x5B724,damage_comment_speech_ids,8,Verified,direct,player_damage_sample_update,a;rl,player_damage_sample_update@0x50F4C#a,
0x5B72C,character_repulse_timer_init,8,Verified,direct,player_tile_interact,a;rw,player_tile_interact@0x51814#a,
0x5B734,character_stun_delay_add,8,Verified,direct,player_tile_interact,?;a;r?;rw,player_tile_interact@0x51328#a;player_tile_interact@0x51350#rw,
0x5B73C,tile_effect_sound_ids,16,Verified,direct,player_tile_interact,a;rl,player_tile_interact@0x512F8#a;player_tile_interact@0x51334#rl,
0x5B74C,pickup_score_values,40,Verified,direct,player_tile_interact,a;rw,player_tile_interact@0x51BC0#a,
0x5B774,pickup_score_popup_types,20,Verified,direct,player_tile_interact,a;rb,player_tile_interact@0x51BD2#a,
0x5B788,level_exit_sound_ids,16,Verified,direct,player_exit_sequence,a;rl,player_exit_sequence@0x52EA4#a,
0x5B798,pickup_random_sound_banks,40,Verified,indirect,player_tile_interact,-,ptr:pickup_random_sound_ptrs,
0x5B7C0,pickup_random_sound_ptrs,16,Verified,direct,player_tile_interact,a;rl,player_tile_interact@0x51D7A#a,
0x5B7D0,pickup_random_sound_counts,4,Verified,direct,player_tile_interact,a;rb,player_tile_interact@0x51D5A#a,
0x5B7D4,collision_hpos_base_by_case,16,Verified,direct,mob_collision_test,a;rw,mob_collision_test@0x52402#a,
0x5B7E4,collision_hpos_random_range_by_player,8,Verified,direct,mob_collision_test,a;rw,mob_collision_test@0x523E8#a,
0x5B7EC,collision_bonus_threshold_by_case,16,Verified,direct,mob_collision_test,a;rw,mob_collision_test@0x524B8#a;mob_collision_test@0x52500#a;mob_collision_test@0x52592#a,
0x5B7FC,exit_rotation_offset_by_count,32,Verified,direct,main_exit_move,a;rb,main_exit_move@0x528DE#a,
0x5B81C,exit_desc_by_floorpattern,576,Verified,direct,maze_setupnew,a,maze_setupnew@0x44BA2#a,
0x5BA5C,wall_crumble_stage_ptrs,12,Verified,direct,wall_crumble,a;rl,wall_crumble@0x53114#a,
0x5BA68,logo_outer_timer_init,2,Verified,unreferenced,-,-,-,
0x5BA6A,logo_inner_timer_init,2,Verified,unreferenced,-,-,-,
0x5BA6C,logo_bright_min,2,Verified,direct,main_logo_updcolors,rw,main_logo_updcolors@0x4DD86#rw;main_logo_updcolors@0x4DD8E#rw,
0x5BA6E,logo_bright_max,2,Verified,direct,main_logo_updcolors,rw,main_logo_updcolors@0x4DD64#rw;main_logo_updcolors@0x4DD6C#rw,
0x5BA70,forcefield_gfx_ptrs,64,Verified,direct,forcefield_segments_setup;pf_floor_update;pf_wall_draw_stack;refresh_tile_visual,a;rl,forcefield_segments_setup@0x534E0#a;forcefield_segments_setup@0x535D2#a;forcefield_segments_setup@0x5362C#a;pf_floor_update@0x5E912#a,
0x5BAB0,shot_reflect_hdelta,16,Verified,direct,player_create_shot,a;rw,player_create_shot@0x536F4#a,
0x5BAC0,shot_reflect_vdelta,16,Verified,direct,player_create_shot,a;rw,player_create_shot@0x53740#a,
0x5BAD0,shot_reflect_sound_tbl,16,Verified,direct,player_create_shot,a;rl,player_create_shot@0x537E6#a,
0x5BAE0,floor_desc_base,256,Verified,direct,pf_floor_update,a,pf_floor_update@0x5E9CA#a,
0x5BBE0,wall_desc_blocks,3264,Verified,direct,pf_wall_draw_stack;wall_place_playfield_update,a,pf_wall_draw_stack@0x5ED96#a;wall_place_playfield_update@0x5F282#a,
0x5C8A0,floor_type10_desc,8,Verified,direct,main_exit_move;pf_floor_update;refresh_tile_visual,a,main_exit_move@0x52A7A#a;pf_floor_update@0x5E8C8#a;refresh_tile_visual@0x5F5C8#a,
0x5C8A8,floor_type11_desc,8,Verified,direct,pf_floor_update;refresh_tile_visual,a,pf_floor_update@0x5E8DA#a;refresh_tile_visual@0x5F5DA#a,
0x5C8B0,exit_tile_descs,504,Verified,indirect,maze_setupnew,-,ptr:exit_desc_by_floorpattern,
0x5CAA8,floor_type3e_descs,128,Verified,direct,pf_floor_update;refresh_tile_visual,a,pf_floor_update@0x5E8EC#a;refresh_tile_visual@0x5F5BA#a,
0x5CB28,attract_display_tile_stream,2000,Verified,direct,load_attract_display_tilemap,?;a,load_attract_display_tilemap@0x4439C#a,
0x5CB48,special_object_tile_numbers,504,Verified,unreferenced,-,-,-,unreferenced_unexpected
0x5CD40,special_object_anim_tiles,1464,Verified,unreferenced,-,-,-,
0x5D2F8,wall_desc_pattern6,216,Verified,direct,pf_wall_draw_stack;wall_place_playfield_update,a,pf_wall_draw_stack@0x5ED8E#a;wall_place_playfield_update@0x5F27A#a,
0x5D3D0,wall_desc_destructible,24,Verified,direct,pf_wall_draw_stack;wall_crumble,a;rw,pf_wall_draw_stack@0x5ED7C#a;wall_crumble@0x530D4#rw;wall_crumble@0x530E0#rw;wall_crumble@0x530EC#rw,
0x5D3E8,dragon_probe_delta_a,16,Verified,direct,dragon_choose_move_direction,a;rw,dragon_choose_move_direction@0x53F76#a;dragon_choose_move_direction@0x53F8C#a,
0x5D3F8,dragon_probe_delta_b,16,Verified,direct,dragon_choose_move_direction,a;rw,dragon_choose_move_direction@0x53FAE#a;dragon_choose_move_direction@0x53FC4#a,
0x5D408,dragon_spawn_offset_a,16,Verified,direct,dragon_shot_hit,a;rw,dragon_shot_hit@0x542C8#a;dragon_shot_hit@0x542DC#a,
0x5D418,dragon_spawn_offset_b,16,Verified,direct,dragon_shot_hit,a;rw,dragon_shot_hit@0x54368#a;dragon_shot_hit@0x5437C#a,
0x5D428,dragon_facing_offset,16,Verified,direct,dragon_fire_setup;dragon_update_segments,a;rw,dragon_fire_setup@0x5484E#a;dragon_fire_setup@0x54874#a;dragon_update_segments@0x53DA2#a;dragon_update_segments@0x53DC2#a,
0x5D438,dragon_head_hdelta,64,Verified,direct,dragon_head_pose_update,a;rw,dragon_head_pose_update@0x5464A#a,
0x5D478,dragon_head_vdelta,64,Verified,direct,dragon_head_pose_update,a;rw,dragon_head_pose_update@0x5467C#a,
0x5D4B8,dragon_fire_segment_tbl,16,Verified,direct,dragon_fire_setup,a;rb,dragon_fire_setup@0x547A6#a,
0x5D4C8,dragon_pose_hdelta,32,Verified,direct,dragon_fire_setup;dragon_update_segments,a;rw,dragon_fire_setup@0x5485C#a;dragon_fire_setup@0x548DE#a;dragon_update_segments@0x53DB0#a,
0x5D4E8,dragon_pose_vdelta,32,Verified,direct,dragon_fire_setup;dragon_update_segments,a;rw,dragon_fire_setup@0x54882#a;dragon_fire_setup@0x548F6#a;dragon_update_segments@0x53DCE#a,
0x5D508,dragon_body_pics,32,Verified,direct,main_handle_dragon,a;rw,main_handle_dragon@0x544D0#a;main_handle_dragon@0x5450E#a,
0x5D528,dragon_head_pics,80,Verified,direct,dragon_head_pose_update;main_handle_dragon,a;rw,dragon_head_pose_update@0x5463A#a;main_handle_dragon@0x54578#a,
0x5D578,dragon_path_programs,80,Verified,direct,dragon_fire_setup;dragon_head_pose_update;dragon_shot_hit;dragon_update_segments;main_handle_dragon,a;rb;wb,dragon_fire_setup@0x54784#a;dragon_head_pose_update@0x5460E#a;dragon_shot_hit@0x54154#a;dragon_shot_hit@0x541AC#a,
0x5D5C8,playfield_palettes,512,Verified,direct,init_display,a;rw,init_display@0x4358C#a;init_display@0x43592#a;init_display@0x435A6#a;init_display@0x43668#a,
0x5D7C8,playfield_special_palette_bank,128,Verified,direct,init_display,a,init_display@0x4350E#a;init_display@0x43524#a;init_display@0x4352A#a,
0x5D7E8,playfield_special_palette_lowwall_view,96,Verified,direct,init_display,a,init_display@0x4350E#a,
0x5D848,unconsumed_block_5d848,416,Verified,direct,monster_update_anim_tile,a;rb,monster_update_anim_tile@0x41664#a,
0x5D9E8,secretcode_text_recs,176,Verified,direct,secret_getname;secret_name_entry_update,a,secret_getname@0x54F9E#a;secret_getname@0x54FB0#a;secret_name_entry_update@0x552E8#a;secret_name_entry_update@0x552FA#a,
0x5DA98,potion_effect_matrix,448,Verified,unreferenced,-,-,-,unreferenced_unexpected
0x5EDD4,wall_pattern_offsets,32,Verified,direct,pf_wall_draw_stack;wall_place_playfield_update,?;a;rw,pf_wall_draw_stack@0x5ED9C#a;wall_place_playfield_update@0x5F288#a,
0x5EDF4,wall_random_desc_ptrs,48,Verified,direct,pf_wall_draw_stack;wall_place_playfield_update,a;rl,pf_wall_draw_stack@0x5ED4E#a;wall_place_playfield_update@0x5F250#a,
0x5EE24,wall_conn_variant_tbl,256,Verified,direct,pf_wall_draw_stack;wall_place_playfield_update,a;rb,pf_wall_draw_stack@0x5ED64#a;wall_place_playfield_update@0x5F266#a,
0x5EF24,wall_conn_variant_tbl6,256,Verified,direct,pf_wall_draw_stack;wall_place_playfield_update,a,pf_wall_draw_stack@0x5ED3C#a;wall_place_playfield_update@0x5F23E#a,
0x5F9CE,door_gfx_by_neighbors,32,Verified,direct,pf_door_draw,?;a;rw,pf_door_draw@0x5F976#a,
0x5FACA,door_gfx_type2,18,Verified,direct,pf_door_draw,a;rw,pf_door_draw@0x5FA64#a,
0x5FADC,door_hpos_sub2,18,Verified,direct,pf_door_draw,a;rw,pf_door_draw@0x5FA7C#a,
0x5FAEE,door_vpos_add2,18,Verified,direct,pf_door_draw,a;rw,pf_door_draw@0x5FA9A#a,
0x5FBDC,door_gfx_type3,18,Verified,direct,pf_door_draw,a;rw,pf_door_draw@0x5FB76#a,
0x5FBEE,door_vpos_sub3,18,Verified,direct,pf_door_draw,a;rw,pf_door_draw@0x5FBA2#a,
0x5FC00,door_vpos_add3,18,Verified,direct,pf_door_draw,?;a;rw,pf_door_draw@0x5FBAC#a,
0x5FC12,player_inventory_vram_ptrs,16,Verified,direct,player_inv_update,a;rl,player_inv_update@0x45AEC#a;player_inv_update@0x45B7E#a,
0x5FDAC,supersorc_direction_bias,6,Verified,direct,supersorc_place,a;rw,supersorc_place@0x5FE28#a,
0x5FDB2,supersorc_probe_steps,6,Verified,direct,supersorc_place,a;rw,supersorc_place@0x5FE40#a,
0x5FF98,dead_truncated_supersorc_epilogues,26,Verified,unreferenced,-,-,-,
