entry_kind,address,name,purpose,arguments,return,exceptional_convention,reachability,source_catalog,confidence
api_veneer,0x0100,start_blink_text,Fixed OS API absolute-JMP veneer to start_blink_text,descriptor pointer; color/style word; interval word,D0.l=1 allocated; 0 no free slot,absolute JMP veneer; target convention: normal API wrapper into 0x3172,fixed public veneer,os_callable_contracts.csv,Verified
api_veneer,0x0106,format_decimal,Fixed OS API absolute-JMP veneer to format_decimal,"value; destination buffer; field width word; nonzero=space pad, zero=zero pad",void,absolute JMP veneer; target convention: normal stack ABI,fixed public veneer,os_callable_contracts.csv,Verified
api_veneer,0x010C,format_hex,Fixed OS API absolute-JMP veneer to format_hex,"value; destination buffer; field width word; nonzero=space pad, zero=zero pad",void,absolute JMP veneer; target convention: normal stack ABI,fixed public veneer,os_callable_contracts.csv,Verified
api_veneer,0x0112,format_number,Fixed OS API absolute-JMP veneer to format_number,value; destination buffer; format byte; format mode word; field width word,void,absolute JMP veneer; target convention: normal stack ABI,fixed public veneer,os_callable_contracts.csv,Verified
api_veneer,0x0118,stop_text_effect,Fixed OS API absolute-JMP veneer to stop_text_effect,descriptor pointer,void,absolute JMP veneer; target convention: normal stack ABI,fixed public veneer,os_callable_contracts.csv,Verified
api_veneer,0x011E,start_progressive_text_clear,Fixed OS API absolute-JMP veneer to start_progressive_text_clear,descriptor pointer; interval word,D0.l=1 allocated; 0 no free slot,absolute JMP veneer; target convention: two-argument API wrapper; forces stored color to zero,fixed public veneer,os_callable_contracts.csv,Verified
api_veneer,0x0124,start_text_line_rotation,Fixed OS API absolute-JMP veneer to start_text_line_rotation,descriptor pointer; color/style word; signed interval word,D0.l=1 allocated; 0 no free slot,absolute JMP veneer; target convention: normal API wrapper into 0x3172,fixed public veneer,os_callable_contracts.csv,Verified
api_veneer,0x012A,start_timed_text,Fixed OS API absolute-JMP veneer to start_timed_text,descriptor pointer; color/style word; interval word,D0.l=1 allocated; 0 no free slot,absolute JMP veneer; target convention: normal API wrapper into 0x3172,fixed public veneer,os_callable_contracts.csv,Verified
api_veneer,0x0130,start_progressive_text,Fixed OS API absolute-JMP veneer to start_progressive_text,descriptor pointer; color/style word; interval word,D0.l=1 allocated; 0 no free slot,absolute JMP veneer; target convention: normal API wrapper into 0x3172,fixed public veneer,os_callable_contracts.csv,Verified
api_veneer,0x0136,init_fullscreen_text_scroll,Fixed OS API absolute-JMP veneer to init_fullscreen_text_scroll,descriptor pointer; color/style word; interval word,D0.l=1 allocated; 0 no free slot,absolute JMP veneer; target convention: normal API wrapper; also stores active flag and interval,fixed public veneer,os_callable_contracts.csv,Verified
api_veneer,0x013C,set_text_position,Fixed OS API absolute-JMP veneer to set_text_position,descriptor pointer; coordinate0; coordinate1,void,absolute JMP veneer; target convention: normal stack ABI,fixed public veneer,os_callable_contracts.csv,Verified
api_veneer,0x0142,display_text,Fixed OS API absolute-JMP veneer to display_text,descriptor pointer; color/style word,void,absolute JMP veneer; target convention: normal API implementation,fixed public veneer,os_callable_contracts.csv,Verified
api_veneer,0x0148,process_text_effects,Fixed OS API absolute-JMP veneer to process_text_effects,void,void,absolute JMP veneer; target convention: normally called once per OS VBLANK,fixed public veneer,os_callable_contracts.csv,Verified
api_veneer,0x014E,init_alpha_display,Fixed OS API absolute-JMP veneer to init_alpha_display,void,void,absolute JMP veneer; target convention: normal API implementation,fixed public veneer,os_callable_contracts.csv,Verified
api_veneer,0x0154,wait_vblanks,Fixed OS API absolute-JMP veneer to wait_vblanks,count word,void,absolute JMP veneer; target convention: normal stack ABI,fixed public veneer,os_callable_contracts.csv,Verified
api_veneer,0x015A,process_sound,Fixed OS API absolute-JMP veneer to process_sound,void,void,absolute JMP veneer; target convention: normal stack ABI,fixed public veneer,os_callable_contracts.csv,Verified
api_veneer,0x0160,calc_health_per_coin,Fixed OS API absolute-JMP veneer to calc_health_per_coin,player index long,"D0.l = 12 * accumulated coin units / multiplier, or 24 in free play",absolute JMP veneer; target convention: normal stack ABI; mutates the selected pending and accumulated coin bytes,fixed public veneer,os_callable_contracts.csv,Verified
api_veneer,0x0166,check_and_deduct_coin,Fixed OS API absolute-JMP veneer to check_and_deduct_coin,player index long,"D0.l = 1 on success/free play, 0 when insufficient",absolute JMP veneer; target convention: normal stack ABI,fixed public veneer,os_callable_contracts.csv,Verified
api_veneer,0x016C,process_coins,Fixed OS API absolute-JMP veneer to process_coins,previous packed 2-bit counter sample; current packed 2-bit counter sample,void,absolute JMP veneer; target convention: normal two-slot stack ABI; only each slot's low byte is consumed,fixed public veneer,os_callable_contracts.csv,Verified
api_veneer,0x0172,send_sound_command,Fixed OS API absolute-JMP veneer to send_sound_command,command word; response destination pointer; response byte count word,"D0.l = 1 when accepted, 0 when latch or direct-response channel is busy",absolute JMP veneer; target convention: normal stack wrapper over 0x4198 register body,fixed public veneer,os_callable_contracts.csv,Verified
api_veneer,0x0178,read_sound_data,Fixed OS API absolute-JMP veneer to read_sound_data,void,"D0.l = next byte, or -1 when empty",absolute JMP veneer; target convention: normal stack ABI,fixed public veneer,os_callable_contracts.csv,Verified
api_veneer,0x017E,sound_receive_irq_body,Fixed OS API absolute-JMP veneer to sound_receive_irq_body,CPU interrupt frame,no scalar result,absolute JMP veneer; target convention: interrupt entry; saves D0/A0/A1 and returns with RTE,fixed public veneer,os_callable_contracts.csv,Verified
api_veneer,0x0184,eeprom_check_busy,Fixed OS API absolute-JMP veneer to eeprom_check_busy,void,"D0.l = 1 when any EEPROM work is pending, 0 when idle",absolute JMP veneer; target convention: normal stack ABI,fixed public veneer,os_callable_contracts.csv,Verified
api_veneer,0x018A,eeprom_process,Fixed OS API absolute-JMP veneer to eeprom_process,void,void,absolute JMP veneer; target convention: normal stack ABI; serializes EEPROM writes through unlock register 0x803150,fixed public veneer,os_callable_contracts.csv,Verified
api_veneer,0x0190,eeprom_init,Fixed OS API absolute-JMP veneer to eeprom_init,void,"D0.l = 0 initialized, 1 invalid game-hook header, or -1 on terminal initialization/error-state exit","absolute JMP veneer; target convention: nonstandard persistent stack allocation: removes the return address, reserves the configuration image, then restores the return address below it",fixed public veneer,os_callable_contracts.csv,Verified
api_veneer,0x0196,eeprom_request_write,Fixed OS API absolute-JMP veneer to eeprom_request_write,region index long,D0.l = supplied region index,absolute JMP veneer; target convention: normal stack veneer over 0x47AC register entry,fixed public veneer,os_callable_contracts.csv,Verified
api_veneer,0x019C,record_player_session_histogram,Fixed OS API absolute-JMP veneer to record_player_session_histogram,player index word in a long slot; coin-count/divisor word in a long slot,void,absolute JMP veneer; target convention: normal two-slot stack ABI; divisor is capped at 128 and is expected nonzero,fixed public veneer,os_callable_contracts.csv,Verified
api_veneer,0x01A2,read_eeprom_setting,Fixed OS API absolute-JMP veneer to read_eeprom_setting,difficulty threshold/row long; bin index long,"D0.l = byte value, -1 when bin index exceeds 19, or -2 when current difficulty is not above the requested row",absolute JMP veneer; target convention: normal stack ABI,fixed public veneer,os_callable_contracts.csv,Verified
api_veneer,0x01A8,read_game_config,Fixed OS API absolute-JMP veneer to read_game_config,configuration index long,D0.l = decoded value; index 13 returns the signed game difficulty byte; indexes above 13 return -1,absolute JMP veneer; target convention: normal stack ABI,fixed public veneer,os_callable_contracts.csv,Verified
api_veneer,0x01AE,read_high_score_entry,Fixed OS API absolute-JMP veneer to read_high_score_entry,character class word; rank word,"D0.l = pointer to seven-byte expanded entry, or 0 when rank exceeds 9",absolute JMP veneer; target convention: normal stack ABI; character class is expected to be 0-3 and is not bounds-checked,fixed public veneer,os_callable_contracts.csv,Verified
api_veneer,0x01B4,write_high_score_entry,Fixed OS API absolute-JMP veneer to write_high_score_entry,character class word; rank word; expanded-entry pointer,"D0.l = 0 success, -1 when rank exceeds 9, or -2 when score exceeds 24 bits",absolute JMP veneer; target convention: normal stack ABI; character class is expected to be 0-3 and is not bounds-checked,fixed public veneer,os_callable_contracts.csv,Verified
api_veneer,0x01BA,update_active_player_time_stats,Fixed OS API absolute-JMP veneer to update_active_player_time_stats,active-player bit mask long,D0.l = pointer to the first per-player elapsed-VBLANK counter at 0x904F50,absolute JMP veneer; target convention: normal stack ABI; queues EEPROM regions when hour counters change,fixed public veneer,os_callable_contracts.csv,Verified
api_veneer,0x01C0,write_eeprom_setting,Fixed OS API absolute-JMP veneer to write_eeprom_setting,configuration index long; value long,D0.l = -1 for index above 13; otherwise the delegated writer's observable result,absolute JMP veneer; target convention: normal stack ABI; indexes below 11 are forcibly written as zero,fixed public veneer,os_callable_contracts.csv,Verified
api_veneer,0x01C6,rank_high_score,Fixed OS API absolute-JMP veneer to rank_high_score,character class word; score long,"D0.l = rank 0-9, 10 when score does not rank, or -1 when score exceeds 24 bits",absolute JMP veneer; target convention: normal stack ABI; character class is expected to be 0-3 and is not bounds-checked,fixed public veneer,os_callable_contracts.csv,Verified
api_veneer,0x01CC,activate_player_time_tracking,Fixed OS API absolute-JMP veneer to activate_player_time_tracking,player index long,D0.l = pointer to the first per-player elapsed-VBLANK counter at 0x904F50,absolute JMP veneer; target convention: normal stack ABI; tail result is propagated from 0x3BE8,fixed public veneer,os_callable_contracts.csv,Verified
api_veneer,0x01D2,run_statistics_screens,Fixed OS API absolute-JMP veneer to run_statistics_screens,nonzero allows clear operations,void,absolute JMP veneer; target convention: normal stack ABI,fixed public veneer,os_callable_contracts.csv,Verified
api_veneer,0x0200,display_large_text,Fixed OS API absolute-JMP veneer to display_large_text,descriptor pointer,D0.l=total alpha-cell advance,absolute JMP veneer; target convention: normal API implementation,fixed public veneer,os_callable_contracts.csv,Verified
api_veneer,0x0206,clear_large_text,Fixed OS API absolute-JMP veneer to clear_large_text,descriptor pointer,D0.l=alpha-cell span cleared for the final descriptor,absolute JMP veneer; target convention: normal stack ABI,fixed public veneer,os_callable_contracts.csv,Verified
api_veneer,0x020C,display_large_char_at,Fixed OS API absolute-JMP veneer to display_large_char_at,alpha destination pointer; glyph index word; color/style word,D0.w=alpha-cell advance (1 or 2),absolute JMP veneer; target convention: tail-enters register renderer,fixed public veneer,os_callable_contracts.csv,Verified
api_veneer,0x0212,display_large_char_raw,Fixed OS API absolute-JMP veneer to display_large_char_raw,alpha destination pointer; glyph index word; color/style word,D0.w=alpha-cell advance (1 or 2),absolute JMP veneer; target convention: tail-enters register renderer,fixed public veneer,os_callable_contracts.csv,Verified
api_veneer,0x0218,write_alpha_char,Fixed OS API absolute-JMP veneer to write_alpha_char,coordinate byte 0; coordinate byte 1; character word; color/style word,void,absolute JMP veneer; target convention: normal API implementation,fixed public veneer,os_callable_contracts.csv,Verified
api_veneer,0x021E,write_alpha_word,Fixed OS API absolute-JMP veneer to write_alpha_word,cell index long; value word,void,absolute JMP veneer; target convention: normal stack ABI,fixed public veneer,os_callable_contracts.csv,Verified
api_veneer,0x0224,calc_alpha_address,Fixed OS API absolute-JMP veneer to calc_alpha_address,coordinate byte 0; coordinate byte 1,D0.l=absolute alpha VRAM address,absolute JMP veneer; target convention: normal stack ABI,fixed public veneer,os_callable_contracts.csv,Verified
api_veneer,0x0230,check_and_deduct_credits,Fixed OS API absolute-JMP veneer to check_and_deduct_credits,required credit units long; player index long,"D0.l = 1 on success/free play, 0 when insufficient",absolute JMP veneer; target convention: normal stack ABI; consumes pending units before accumulated units,fixed public veneer,os_callable_contracts.csv,Verified
api_veneer,0x0236,get_coin_multiplier,Fixed OS API absolute-JMP veneer to get_coin_multiplier,void,"D0.l = multiplier 1-4, or 0 for free play/invalid high setting",absolute JMP veneer; target convention: normal stack ABI,fixed public veneer,os_callable_contracts.csv,Verified
api_veneer,0x023C,send_sound_command_wait,Fixed OS API absolute-JMP veneer to send_sound_command_wait,command word,D0.l = 1,absolute JMP veneer; target convention: normal stack veneer; D0=0 selects retry in shared body 0x41CE,fixed public veneer,os_callable_contracts.csv,Verified
api_veneer,0x0242,try_send_sound_command,Fixed OS API absolute-JMP veneer to try_send_sound_command,command word,"D0.l = 1 when accepted, 0 when busy",absolute JMP veneer; target convention: normal stack veneer; D0=1 selects one attempt in shared body 0x41CE,fixed public veneer,os_callable_contracts.csv,Verified
api_veneer,0x0248,run_game_options,Fixed OS API absolute-JMP veneer to run_game_options,"descriptor-stream pointer, or null for raw-bit editor","D0.l = observable delegated setting-writer result, not the edited word",absolute JMP veneer; target convention: normal stack ABI,fixed public veneer,os_callable_contracts.csv,Verified
api_veneer,0x024E,eeprom_read_block,Fixed OS API absolute-JMP veneer to eeprom_read_block,"destination pointer; logical block index word; mode long (zero synchronous, nonzero queued)","D0.l = 1 success/queued, 0 invalid/busy/full; synchronous decode also returns -1 correctable syndrome or -2 uncorrectable syndrome",absolute JMP veneer; target convention: normal mixed-width three-slot stack ABI,fixed public veneer,os_callable_contracts.csv,Verified
api_veneer,0x0254,reset_sound_cpu,Fixed OS API absolute-JMP veneer to reset_sound_cpu,sound control word; startup command word,void,absolute JMP veneer; target convention: normal two-slot stack ABI,fixed public veneer,os_callable_contracts.csv,Verified
api_veneer,0x025A,draw_string,Fixed OS API absolute-JMP veneer to draw_string,coordinate byte 0; coordinate byte 1; string pointer; color/style word,D0.l=source bytes consumed including NUL,absolute JMP veneer; target convention: normal API implementation,fixed public veneer,os_callable_contracts.csv,Verified
api_veneer,0x0260,display_decimal_value,Fixed OS API absolute-JMP veneer to display_decimal_value,"coordinate0; coordinate1; value; field width; nonzero=space pad, zero=zero pad; color/style",void,absolute JMP veneer; target convention: normal six-slot stack ABI,fixed public veneer,os_callable_contracts.csv,Verified
api_veneer,0x0266,display_hex_value,Fixed OS API absolute-JMP veneer to display_hex_value,"coordinate0; coordinate1; value; field width; nonzero=space pad, zero=zero pad; color/style",void,absolute JMP veneer; target convention: normal six-slot stack ABI,fixed public veneer,os_callable_contracts.csv,Verified
api_veneer,0x026C,display_large_text_at,Fixed OS API absolute-JMP veneer to display_large_text_at,coordinate0; coordinate1; string pointer; color/style,D0.l=total alpha-cell advance,absolute JMP veneer; target convention: normal four-slot stack ABI,fixed public veneer,os_callable_contracts.csv,Verified
api_veneer,0x0272,display_large_decimal_value,Fixed OS API absolute-JMP veneer to display_large_decimal_value,"coordinate0; coordinate1; value; field width; nonzero=space pad, zero=zero pad; color/style",D0.l=total alpha-cell advance,absolute JMP veneer; target convention: normal six-slot stack ABI,fixed public veneer,os_callable_contracts.csv,Verified
api_veneer,0x0278,display_large_hex_value,Fixed OS API absolute-JMP veneer to display_large_hex_value,"coordinate0; coordinate1; value; field width; nonzero=space pad, zero=zero pad; color/style",D0.l=total alpha-cell advance,absolute JMP veneer; target convention: normal six-slot veneer sharing the 0x32F2 display tail,fixed public veneer,os_callable_contracts.csv,Verified
implementation,0x0300,exception_handler,Dispatch CPU exceptions to the optional game exception veneer or return from the exception,CPU exception frame,no scalar result; D0.w=0 on game dispatch,vector entry; RTE or tail-JMP,active OS control closure,os_callable_contracts.csv,Verified
implementation,0x0314,irq1_handler,Dispatch IRQ1 to game hook 0x4000C when installed,CPU interrupt frame,no scalar result,interrupt entry; RTE or tail-JMP,active OS control closure,os_callable_contracts.csv,Verified
implementation,0x0326,irq2_handler,Dispatch IRQ2 to game hook 0x40018 when installed,CPU interrupt frame,no scalar result,interrupt entry; RTE or tail-JMP,active OS control closure,os_callable_contracts.csv,Verified
implementation,0x0338,irq3_handler,Dispatch IRQ3 to game hook 0x40012 when installed,CPU interrupt frame,no scalar result,interrupt entry; RTE or tail-JMP,active OS control closure,os_callable_contracts.csv,Verified
implementation,0x034A,irq4_vblank_handler,"Dispatch VBLANK to the OS handler or game hook, otherwise acknowledge it locally",CPU interrupt frame,no scalar result,interrupt entry; RTE or tail-JMP,active OS control closure,os_callable_contracts.csv,Verified
implementation,0x036C,irq6_handler,Dispatch self-test-mode IRQ6 to the game sound hook or consume/store the OS-lane sound response,CPU interrupt frame,no scalar result,interrupt entry; RTE or tail-JMP,active OS control closure,os_callable_contracts.csv,Verified
implementation,0x03A0,selftest_boot,Start the full destructive test of video-RAM spare before the self-test boot continuation chain,void,no return,early-boot tail entry; installs A4 continuation,active OS control closure,os_callable_contracts.csv,Verified
implementation,0x03B6,selftest_boot_spare_test_done,Handle full spare-RAM result and start color-RAM test,inherited D4.w=test status,no ordinary return,A4 continuation from memory tester,active OS control closure,os_callable_contracts.csv,Verified
implementation,0x03C4,selftest_boot_spare_error_ack,Wait for acknowledgement after spare-RAM error and resume color test,inherited hardware switch/status state,no ordinary return,A4 continuation from error display,active OS control closure,os_callable_contracts.csv,Verified
implementation,0x0424,selftest_boot_color_test_done,Handle full color-RAM result and start playfield test,inherited D4.w=test status,no ordinary return,A4 continuation from memory tester,active OS control closure,os_callable_contracts.csv,Verified
implementation,0x04A4,selftest_boot_playfield_test_done,Handle full playfield-RAM result and start alpha test,inherited D4.w=test status,no ordinary return,A4 continuation from memory tester,active OS control closure,os_callable_contracts.csv,Verified
implementation,0x0512,selftest_boot_alpha_test_done,Handle full alpha-RAM result and start MOB test,inherited D4.w=test status,no ordinary return,A4 continuation from memory tester,active OS control closure,os_callable_contracts.csv,Verified
implementation,0x0582,selftest_boot_mob_test_done,Handle full MOB-RAM result and enter main initialization,inherited D4.w=test status,no ordinary return,A4 continuation from memory tester,active OS control closure,os_callable_contracts.csv,Verified
implementation,0x05E2,reset_entry,"Mask interrupts, pulse the board latch, delay while petting watchdog, and select normal or self-test boot",reset-vector CPU state,no return,reset vector entry; tail-JMP,active OS control closure,os_callable_contracts.csv,Verified
implementation,0x061E,normal_boot,Seed color RAM and start the short destructive video-RAM-spare test for normal boot,void,no return,early-boot tail entry; installs A4 continuation,active OS control closure,os_callable_contracts.csv,Verified
implementation,0x0652,normal_boot_spare_test_done,Handle short spare-RAM result and start color test,inherited D4.w=test status,no ordinary return,A4 continuation from memory tester,active OS control closure,os_callable_contracts.csv,Verified
implementation,0x0660,normal_boot_spare_error_resume,Resume short diagnostics after spare-RAM error display,inherited hardware status,no ordinary return,A4 continuation from error display,active OS control closure,os_callable_contracts.csv,Verified
implementation,0x067C,normal_boot_color_test_done,Handle short color-RAM result and start playfield test,inherited D4.w=test status,no ordinary return,A4 continuation from memory tester,active OS control closure,os_callable_contracts.csv,Verified
implementation,0x06A6,normal_boot_playfield_test_done,Handle short playfield-RAM result and start alpha test,inherited D4.w=test status,no ordinary return,A4 continuation from memory tester,active OS control closure,os_callable_contracts.csv,Verified
implementation,0x06D0,normal_boot_alpha_test_done,Handle short alpha-RAM result and start MOB test,inherited D4.w=test status,no ordinary return,A4 continuation from memory tester,active OS control closure,os_callable_contracts.csv,Verified
implementation,0x06FC,normal_boot_mob_test_done,Handle short MOB-RAM result and enter main initialization,inherited D4.w=test status,no ordinary return,A4 continuation from memory tester,active OS control closure,os_callable_contracts.csv,Verified
implementation,0x070C,main_init_cont,"Initialize display/stack, validate OS and game ROM checksums plus EEPROM, clear OS RAM, and dispatch game or OS mode",void,no return,early-boot continuation; final tail dispatch,active OS control closure,os_callable_contracts.csv,Verified
implementation,0x08EC,boot_postcheck_dispatch,"Finish hardware/EEPROM checks, clear work RAM, and dispatch OS or game",D5.w=boot/error mode,no return,shared branch target; tail-dispatches,active OS control closure,os_callable_contracts.csv,Verified
implementation,0x0A2C,mem_test_short,Run the short destructive zero-fill and high-bit walking-one/zero test,A1=start; A2=end inclusive; A4=completion/failure continuation,D4.w=0 success or 1 failure via JMP (A4),register entry; never RTS; A6 chains stages,active OS control closure,os_callable_contracts.csv,Verified
implementation,0x0A42,mem_test_short_walk_ones,Schedule high-bit-first walking-one pass over zero base,inherited A1/A2/A4; D4/D6 state,continues through A6 or fails through A4,A6 continuation entry,active OS control closure,os_callable_contracts.csv,Verified
implementation,0x0A52,mem_test_short_walk_zeroes,Schedule high-bit-first walking-zero pass over all-ones base,inherited A1/A2/A4; D4/D6 state,continues through A6 or fails through A4,A6 continuation entry,active OS control closure,os_callable_contracts.csv,Verified
implementation,0x0A62,mem_test_short_done,Finish the short RAM test,inherited D4.w status; A4=caller continuation,D4.w status via JMP (A4),A6 continuation; tail-jumps through A4,active OS control closure,os_callable_contracts.csv,Verified
implementation,0x0A6A,mem_test_full,Run the extended destructive RAM test suite,A1=start; A2=end inclusive; A4=completion/failure continuation,D4.w=0 success or 1 failure via JMP (A4),register entry; never RTS; A6 chains stages,active OS control closure,os_callable_contracts.csv,Verified
implementation,0x0A7A,mem_test_full_walk_ones_highbit,Schedule high-bit-first walking-one pass over zero base,inherited A1/A2/A4; D4/D6 state,continues through A6 or fails through A4,A6 continuation entry,active OS control closure,os_callable_contracts.csv,Verified
implementation,0x0A84,mem_test_full_walk_zeroes_highbit,Schedule high-bit-first walking-zero pass over all-ones base,inherited A1/A2/A4; D4/D6 state,continues through A6 or fails through A4,A6 continuation entry,active OS control closure,os_callable_contracts.csv,Verified
implementation,0x0A8E,mem_test_full_walk_ones_lowbit,Schedule low-bit-first walking-one pass over zero base,inherited A1/A2/A4; D4/D6 state,continues through A6 or fails through A4,A6 continuation entry,active OS control closure,os_callable_contracts.csv,Verified
implementation,0x0A98,mem_test_full_walk_zeroes_lowbit,Schedule low-bit-first walking-zero pass over all-ones base,inherited A1/A2/A4; D4/D6 state,continues through A6 or fails through A4,A6 continuation entry,active OS control closure,os_callable_contracts.csv,Verified
implementation,0x0AA2,mem_test_full_restore_ones_highbit,Schedule high-bit walking-one pass that restores the zero base,inherited A1/A2/A4; D4/D6 state,continues through A6 or fails through A4,A6 continuation entry,active OS control closure,os_callable_contracts.csv,Verified
implementation,0x0AAC,mem_test_full_restore_ones_lowbit,Schedule low-bit walking-one pass that restores the zero base,inherited A1/A2/A4; D4/D6 state,continues through A6 or fails through A4,A6 continuation entry,active OS control closure,os_callable_contracts.csv,Verified
implementation,0x0AB6,mem_test_full_fill_ones,Fill the tested range with 0xFFFF before inverse restore passes,inherited A1/A2/A4; D4/D6 state,continues through A6 or fails through A4,A6 continuation entry,active OS control closure,os_callable_contracts.csv,Verified
implementation,0x0AC2,mem_test_full_restore_zeroes_highbit,Schedule high-bit walking-zero pass that restores the all-ones base,inherited A1/A2/A4; D4/D6 state,continues through A6 or fails through A4,A6 continuation entry,active OS control closure,os_callable_contracts.csv,Verified
implementation,0x0ACC,mem_test_full_restore_zeroes_lowbit,Schedule low-bit walking-zero pass that restores the all-ones base,inherited A1/A2/A4; D4/D6 state,continues through A6 or fails through A4,A6 continuation entry,active OS control closure,os_callable_contracts.csv,Verified
implementation,0x0AD6,mem_test_full_toggle_words,Schedule per-word 0x0000/0xFFFF inversion verification,inherited A1/A2/A4; D4/D6 state,continues through A6 or fails through A4,A6 continuation entry,active OS control closure,os_callable_contracts.csv,Verified
implementation,0x0AE0,mem_test_full_done,Finish the extended RAM test,inherited D4.w status; A4=caller continuation,D4.w status via JMP (A4),A6 continuation; tail-jumps through A4,active OS control closure,os_callable_contracts.csv,Verified
implementation,0x0C52,display_working_ram_error,Write the fixed 'Working RAM error' message to diagnostic video memory,A4=continuation,no ordinary return,register continuation entry; JMP (A4),active OS control closure,os_callable_contracts.csv,Verified
implementation,0x0C98,error_display_ram,Initialize alpha display and show detailed RAM-test failure values,D4.l=error class; A0=failing address; D0.w=expected; D1.w=actual,void,register wrapper that constructs four normal stack arguments,active OS control closure,os_callable_contracts.csv,Verified
implementation,0x0CC0,rom_checksum_display,Display OS-ROM checksum accumulators and identify failed even/odd byte lanes,D0.b=even accumulator; D1.b=odd accumulator,D5.w=2,early-boot register helper; clobbers D2/D3/D5,active OS control closure,os_callable_contracts.csv,Verified
implementation,0x0D26,game_descriptor_ram_test,Run the short memory test for a game checksum-descriptor RAM range,A0=start; A1=end,returns through game_descriptor_ram_test_done,saves complete register set and tail-enters tester with A4 continuation,active OS control closure,os_callable_contracts.csv,Verified
implementation,0x0D3A,game_descriptor_ram_test_done,Restore descriptor-test state and display a failing address,inherited D4.w=test status; A5=saved stack frame,returns to game_descriptor_ram_test caller,A4 continuation; restores another entry's saved registers,active OS control closure,os_callable_contracts.csv,Verified
implementation,0x0D7A,game_rom_checksum_error,Identify and display a failed even/odd game-ROM checksum slice,D0.b/D1.b=checksum accumulators; A0=range end; inherited descriptor frame in A6,D5.w=2; otherwise void,register and inherited-frame helper,active OS control closure,os_callable_contracts.csv,Verified
implementation,0x0E14,os_vblank_mode_entry,Enable OS-owned VBLANK processing and enter the non-returning OS self-test loop,D5.w=mode value pushed as an unused long argument,no return,register entry; its post-call cleanup/tail-JMP has no discovered returning predecessor,active OS control closure,os_callable_contracts.csv,Verified
implementation,0x0E5E,os_vblank_handler,"Acknowledge VBLANK, update scroll/input/text/EEPROM state, and return from interrupt",CPU interrupt frame,no scalar result,interrupt entry; saves D0-D1/A0-A1 and RTE,active OS control closure,os_callable_contracts.csv,Verified
active_image_residue,0x0EEE,selftest_watchdog_reset_trap,"Masks interrupts, services the watchdog while the self-test switch is released, then spins without servicing it once the switch is engaged so hardware resets",D0.w watchdog service value,no return,non-returning trap; supervisor SR write,No incoming transfer or fixed API veneer in the supplied image,os_residue_contracts.csv,Verified
implementation,0x0F04,playfield_add_word_test_range,"Add a word delta to 4,095 tested playfield words",delta in low word of one normal longword slot,void,,active OS control closure,os_callable_contracts.csv,Verified
implementation,0x0F7E,copy_test_tile_rows_to_alpha,Copy sixteen source words into each selected alpha-display row,start column word; first row word; last row inclusive word; source word pointer,void,,active OS control closure,os_callable_contracts.csv,Verified
implementation,0x0FCA,run_color_test,"Build the color-RAM test palettes and patterns, display the Color Test screen, and wait for advance",void,void,,active OS control closure,os_callable_contracts.csv,Verified
implementation,0x113E,read_debounced_input,Sample and two-frame-debounce one self-test input word,input/player index word,"D0.l = stable active-low press edges, with asserted raw high-nibble inputs included",,active OS control closure,os_callable_contracts.csv,Verified
implementation,0x11FC,color_test_palette_init,Install fixed six-word diagnostic color palette,void,void,,active OS control closure,os_callable_contracts.csv,Verified
implementation,0x1228,selftest_load_control_labels,Copy game-specific or default control labels into OS work buffers,void,void,,active OS control closure,os_callable_contracts.csv,Verified
implementation,0x129A,os_selftest_loop,Run the repeating OS diagnostic sequence and optional game test hooks,one mode long supplied by 0x0E14 but not read by this body,no return,normal call entry whose control graph loops forever instead of executing RTS,active OS control closure,os_callable_contracts.csv,Verified
implementation,0x1632,display_init_clear,"Clear alpha and playfield display memory, reset the MOB list heads, and initialize diagnostic colors",void,void,,active OS control closure,os_callable_contracts.csv,Verified
implementation,0x169C,load_color_test_palettes,Load the three 256-word color-test palette banks and initialize the test palette,void,void,,active OS control closure,os_callable_contracts.csv,Verified
implementation,0x16F6,copy_cstring,Copy a NUL-terminated string including its terminator,destination pointer; source pointer,void,frameless normal stack entry,active OS control closure,os_callable_contracts.csv,Verified
implementation,0x1704,reset_sound_test_interface,"Synchronize to VBLANK, pulse the sound reset/control line, and clear OS sound-test state",void,void,,active OS control closure,os_callable_contracts.csv,Verified
implementation,0x1732,fill_incrementing_words,Fill a word buffer with an ascending sequence,destination word pointer; first word; count long,void,,active OS control closure,os_callable_contracts.csv,Verified
implementation,0x1758,display_standard_large_glyph_range,Draw an ascending glyph-index range with standard-display large-glyph strides,alpha destination pointer; first glyph word; count word,void,,active OS control closure,os_callable_contracts.csv,Verified
implementation,0x179E,display_rotated_large_glyph_range,Draw an ascending glyph-index range with rotated-display large-glyph strides,alpha destination pointer; first glyph word; count long,void,,active OS control closure,os_callable_contracts.csv,Verified
implementation,0x17D4,run_alpha_test,Populate the alpha display with word and large-glyph test patterns and wait for advance,void,void,,active OS control closure,os_callable_contracts.csv,Verified
implementation,0x1A34,run_switch_test,Render and operate the live four-player switch/input diagnostic until the advance input is pressed,void,void,,active OS control closure,os_callable_contracts.csv,Verified
implementation,0x1B20,run_motion_object_test,"Create and interactively edit the Motion Object Test sprites, fields, and palettes",void,void,,active OS control closure,os_callable_contracts.csv,Verified
implementation,0x2190,wait_os_vblank,Clear the OS VBLANK semaphore and wait until the IRQ4 handler sets it,void,void,,active OS control closure,os_callable_contracts.csv,Verified
implementation,0x21A0,validate_game_rom,Call the optional game ROM/Slapstic verifier and display its failed bank checks,void,"D0.l = 1 when valid, 0 after displaying a failure",,active OS control closure,os_callable_contracts.csv,Verified
implementation,0x226A,display_next_test_prompt,Draw the orientation-appropriate 'Press [button] for next test' descriptor chain,color/style word,void,,active OS control closure,os_callable_contracts.csv,Verified
implementation,0x229C,run_sound_test,"Reset, diagnose, and interactively exercise the sound CPU, music, effects, and speech paths",void,void,,active OS control closure,os_callable_contracts.csv,Verified
implementation,0x27AC,send_sound_test_command_wait,Send one diagnostic sound command and wait up to thirty VBLANK ticks for its response,sound command word,"D0.l = response byte, or -1 on timeout",,active OS control closure,os_callable_contracts.csv,Verified
implementation,0x27F4,wait_sound_test_delay_or_abort,Clear the sound command latch and wait up to four VBLANK ticks for the advance input,void,"D0.l = 1 when advance was pressed, otherwise 0 after timeout",,active OS control closure,os_callable_contracts.csv,Verified
implementation,0x2828,display_ram_error_detail,"Draw RAM region name, failing address, expected word, and actual word",error class/index; failing address; expected word; actual word,void,normal four-slot stack ABI,active OS control closure,os_callable_contracts.csv,Verified
implementation,0x28CA,display_two_byte_hex_pair,Pack two byte-valued arguments and display them as a four-digit zero-padded hexadecimal field,high byte; low byte; signed display-offset byte,void,,active OS control closure,os_callable_contracts.csv,Verified
implementation,0x2918,format_number,"Format a value as signed/unsigned decimal, upper/lower hexadecimal, octal, or binary according to a format byte and mode",value; destination buffer; format byte; format mode word; field width word,void,normal stack ABI,active OS control closure,os_callable_contracts.csv,Verified
implementation,0x2A5E,format_hex,Format an unsigned value as uppercase hexadecimal into a fixed-width NUL-terminated field,"value; destination buffer; field width word; nonzero=space pad, zero=zero pad",void,normal stack ABI,active OS control closure,os_callable_contracts.csv,Verified
implementation,0x2ABE,format_decimal,Format an unsigned value as decimal into a fixed-width NUL-terminated field,"value; destination buffer; field width word; nonzero=space pad, zero=zero pad",void,normal stack ABI,active OS control closure,os_callable_contracts.csv,Verified
implementation,0x2B3C,process_text_effects,Advance full-screen scrolling and all four timed text-effect slots,void,void,normally called once per OS VBLANK,active OS control closure,os_callable_contracts.csv,Verified
computed_dispatch,0x2C22,text_effect_case_timed_clear,Type 1: deactivate the slot and clear its descriptor chain,inherited D0.w=2*slot; D2.w=slot; A2=0x904F00,returns through process_text_effects loop,computed-dispatch entry; inherits parent saved-register frame,active OS control closure,os_callable_contracts.csv,Verified
computed_dispatch,0x2C32,text_effect_case_blink,Type 2: alternate the complete descriptor chain between clear and drawn states,inherited D0.w=2*slot; D2.w=slot; A2=0x904F00,returns through process_text_effects loop,computed-dispatch entry; inherits parent saved-register frame,active OS control closure,os_callable_contracts.csv,Verified
computed_dispatch,0x2C64,text_effect_case_progressive_draw,Type 3: draw the next string character and advance/chains on its terminator,inherited D0.w=2*slot; D2.w=slot; A2=0x904F00,returns through process_text_effects loop,computed-dispatch entry; inherits parent saved-register frame,active OS control closure,os_callable_contracts.csv,Verified
computed_dispatch,0x2C82,text_effect_case_progressive_clear,Type 4: clear the next string character and advance/chains on its terminator,inherited D0.w=2*slot; D2.w=slot; A2=0x904F00,returns through process_text_effects loop,computed-dispatch entry; inherits parent saved-register frame,active OS control closure,os_callable_contracts.csv,Verified
computed_dispatch,0x2CC4,text_effect_case_rotate_forward,Type 5: rotate each selected descriptor line in the first direction,inherited D0.w=2*slot; D2.w=slot; A2=0x904F00,returns through process_text_effects loop,computed-dispatch entry; inherits parent saved-register frame,active OS control closure,os_callable_contracts.csv,Verified
computed_dispatch,0x2CD0,text_effect_case_rotate_reverse,Type 6: rotate each selected descriptor line in the opposite direction,inherited D0.w=2*slot; D2.w=slot; A2=0x904F00,returns through process_text_effects loop,computed-dispatch entry; inherits parent saved-register frame,active OS control closure,os_callable_contracts.csv,Verified
implementation,0x2CE4,calc_alpha_address,Convert two alpha coordinates to the orientation-correct absolute VRAM word address,coordinate byte 0; coordinate byte 1,D0.l=absolute alpha VRAM address,normal stack ABI,active OS control closure,os_callable_contracts.csv,Verified
implementation,0x2D14,rotate_text_line_forward,Rotate every descriptor-selected alpha line one cell in the first direction with wrap,descriptor pointer,void,normal-stack veneer over the A0 register body,active OS control closure,os_callable_contracts.csv,Verified
implementation,0x2D18,rotate_text_line_forward_register,Rotate every descriptor-selected alpha line one cell in the first direction with wrap,A0=descriptor pointer,void,register entry used by text-effect type 5,active OS control closure,os_callable_contracts.csv,Verified
implementation,0x2D74,rotate_text_line_reverse,Rotate every descriptor-selected alpha line one cell in the opposite direction with wrap,descriptor pointer,void,normal-stack veneer over the A0 register body,active OS control closure,os_callable_contracts.csv,Verified
implementation,0x2D78,rotate_text_line_reverse_register,Rotate every descriptor-selected alpha line one cell in the opposite direction with wrap,A0=descriptor pointer,void,register entry used by text-effect type 6,active OS control closure,os_callable_contracts.csv,Verified
implementation,0x2DDE,scroll_alpha_surface_one_step,Shift the visible alpha surface one cell and clear the newly exposed edge,void,void,frameless internal entry,active OS control closure,os_callable_contracts.csv,Verified
implementation,0x2E36,display_text,Draw a chained text descriptor at its current full-screen scroll offset,descriptor pointer; color/style word,void,normal API implementation,active OS control closure,os_callable_contracts.csv,Verified
implementation,0x2E3E,display_text_register,Draw a chained text descriptor at its current full-screen scroll offset,A0=descriptor pointer; D1.w=color/style,void,register entry used by the effect engine,active OS control closure,os_callable_contracts.csv,Verified
implementation,0x2EB4,display_decimal_value,Format and draw a decimal value through a temporary chained-text descriptor,"coordinate0; coordinate1; value; field width; nonzero=space pad, zero=zero pad; color/style",void,normal six-slot stack ABI,active OS control closure,os_callable_contracts.csv,Verified
implementation,0x2EEA,display_hex_value,Format and draw an uppercase hexadecimal value through a temporary chained-text descriptor,"coordinate0; coordinate1; value; field width; nonzero=space pad, zero=zero pad; color/style",void,normal six-slot stack ABI,active OS control closure,os_callable_contracts.csv,Verified
implementation,0x2F04,draw_string,Draw one NUL-terminated string at an alpha coordinate,coordinate byte 0; coordinate byte 1; string pointer; color/style word,D0.l=source bytes consumed including NUL,normal API implementation,active OS control closure,os_callable_contracts.csv,Verified
implementation,0x2F3C,draw_string_register,Draw one NUL-terminated string from a precomputed alpha offset,D0.w=alpha byte offset; D1.w=color/style; A0=string; A1=word stride,D0.l=source bytes consumed including NUL,register entry,active OS control closure,os_callable_contracts.csv,Verified
active_image_residue,0x2FB2,draw_text_effect_next_char_stack_veneer,Loads the stack arguments into A0/D1/D0 and falls through to draw_text_effect_next_char,descriptor pointer; color/style word; character index word,same as 0x2FBE,normal stack veneer; falls through to register worker,No incoming transfer or fixed API veneer in the supplied image,os_residue_contracts.csv,Verified
implementation,0x2FBE,draw_text_effect_next_char,Draw one indexed character for progressive effect type 3,A0=descriptor; D0.w=character index; D1.w=color/style,D0.l=3 while a character was drawn; 0 at NUL,register entry; constructs coordinate slots for 0x304E,active OS control closure,os_callable_contracts.csv,Verified
active_image_residue,0x3018,clear_text_effect_next_char_stack_veneer,Loads the stack arguments into A0/D0 and falls through to clear_text_effect_next_char,descriptor pointer; character index word,same as 0x3020,normal stack veneer; falls through to register worker,No incoming transfer or fixed API veneer in the supplied image,os_residue_contracts.csv,Verified
implementation,0x3020,clear_text_effect_next_char,Clear one indexed character position for progressive effect type 4,A0=descriptor; D0.w=character index,D0.l=4 while a character was cleared; 0 at NUL,register entry; constructs coordinate slots for 0x304E,active OS control closure,os_callable_contracts.csv,Verified
implementation,0x3044,write_alpha_char,Write one character/tile plus attributes at an alpha coordinate,coordinate byte 0; coordinate byte 1; character word; color/style word,void,normal API implementation,active OS control closure,os_callable_contracts.csv,Verified
implementation,0x304E,write_alpha_char_register,Write one precombined character/tile plus attributes at an alpha coordinate,D0.w=character/tile; D1.w=color/style; coordinate bytes in caller stack at +7/+11,void,shared register/stack body,active OS control closure,os_callable_contracts.csv,Verified
active_image_residue,0x3088,clear_text_descriptor_chain_stack_veneer,Loads A0 from the normal argument slot and falls through to clear_text_descriptor_chain,descriptor pointer,void,normal stack veneer; falls through to register worker,No incoming transfer or fixed API veneer in the supplied image,os_residue_contracts.csv,Verified
implementation,0x308C,clear_text_descriptor_chain,Clear all visible non-NUL character cells in a chained text descriptor,A0=descriptor pointer,void,register entry used by stop/effect paths,active OS control closure,os_callable_contracts.csv,Verified
implementation,0x30F4,stop_text_effect,Deactivate a matching effect slot if present and clear the supplied descriptor chain,descriptor pointer,void,normal stack ABI,active OS control closure,os_callable_contracts.csv,Verified
implementation,0x3122,start_text_line_rotation,Allocate type 5 or 6 cyclic line rotation according to interval sign,descriptor pointer; color/style word; signed interval word,D0.l=1 allocated; 0 no free slot,normal API wrapper into 0x3172,active OS control closure,os_callable_contracts.csv,Verified
implementation,0x3130,init_fullscreen_text_scroll,Initialize and allocate type 7 full-alpha scrolling,descriptor pointer; color/style word; interval word,D0.l=1 allocated; 0 no free slot,normal API wrapper; also stores active flag and interval,active OS control closure,os_callable_contracts.csv,Verified
implementation,0x3156,start_progressive_text_clear,Allocate type 4 progressive character clearing,descriptor pointer; interval word,D0.l=1 allocated; 0 no free slot,two-argument API wrapper; forces stored color to zero,active OS control closure,os_callable_contracts.csv,Verified
implementation,0x3162,start_blink_text,Allocate type 2 whole-descriptor blinking,descriptor pointer; color/style word; interval word,D0.l=1 allocated; 0 no free slot,normal API wrapper into 0x3172,active OS control closure,os_callable_contracts.csv,Verified
active_image_residue,0x3166,unused_text_effect_noop,Returns immediately; no encoded caller or API veneer reaches this entry,void,void; registers preserved,one-instruction RTS entry,No incoming transfer or fixed API veneer in the supplied image,os_residue_contracts.csv,Verified
implementation,0x3168,start_timed_text,Draw a descriptor and allocate type 1 timed removal,descriptor pointer; color/style word; interval word,D0.l=1 allocated; 0 no free slot,normal API wrapper into 0x3172,active OS control closure,os_callable_contracts.csv,Verified
implementation,0x316C,start_progressive_text,Allocate type 3 progressive character drawing,descriptor pointer; color/style word; interval word,D0.l=1 allocated; 0 no free slot,normal API wrapper into 0x3172,active OS control closure,os_callable_contracts.csv,Verified
implementation,0x3172,allocate_text_effect,"Find a free one of four slots and initialize its type, interval, color, counters, and descriptor",D0.b=type; D1.w=interval; descriptor and color in normal stack slots,D0.l=1 allocated; 0 no free slot,shared mixed register/stack entry,active OS control closure,os_callable_contracts.csv,Verified
implementation,0x31D2,display_large_text,Render mapped large-font glyphs for a chained descriptor,descriptor pointer,D0.l=total alpha-cell advance,normal API implementation,active OS control closure,os_callable_contracts.csv,Verified
implementation,0x324E,render_large_glyph_register,Render one mapped large glyph in the orientation selected by A0,D0.w=glyph index; D1.w=color/style; A0=packed strides; A1=alpha destination,D0.w=alpha-cell advance (1 or 2); A1 advanced,register entry,active OS control closure,os_callable_contracts.csv,Verified
implementation,0x32A0,display_large_char_raw,Render one mapped large glyph with the rotated-display stride/attribute mode,alpha destination pointer; glyph index word; color/style word,D0.w=alpha-cell advance (1 or 2),tail-enters register renderer,active OS control closure,os_callable_contracts.csv,Verified
implementation,0x32BC,display_large_char_at,Render one mapped large glyph with the standard-display stride/attribute mode,alpha destination pointer; glyph index word; color/style word,D0.w=alpha-cell advance (1 or 2),tail-enters register renderer,active OS control closure,os_callable_contracts.csv,Verified
implementation,0x32DA,display_large_decimal_value,Format and draw a decimal value with the mapped large font,"coordinate0; coordinate1; value; field width; nonzero=space pad, zero=zero pad; color/style",D0.l=total alpha-cell advance,normal six-slot stack ABI,active OS control closure,os_callable_contracts.csv,Verified
implementation,0x3310,display_large_hex_value,Format and draw an uppercase hexadecimal value with the mapped large font,"coordinate0; coordinate1; value; field width; nonzero=space pad, zero=zero pad; color/style",D0.l=total alpha-cell advance,normal six-slot veneer sharing the 0x32F2 display tail,active OS control closure,os_callable_contracts.csv,Verified
implementation,0x332A,display_large_text_at,Build a temporary descriptor from coordinates and draw a mapped large-font string,coordinate0; coordinate1; string pointer; color/style,D0.l=total alpha-cell advance,normal four-slot stack ABI,active OS control closure,os_callable_contracts.csv,Verified
implementation,0x3346,clear_large_text,Clear the alpha cells occupied by a mapped large-font descriptor chain,descriptor pointer,D0.l=alpha-cell span cleared for the final descriptor,normal stack ABI,active OS control closure,os_callable_contracts.csv,Verified
implementation,0x3522,init_alpha_display,"Select orientation, reset text effects, and clear the visible alpha surface",void,void,normal API implementation,active OS control closure,os_callable_contracts.csv,Verified
implementation,0x355C,reset_text_effects,Reset full-screen scroll state and all four text-effect slot types/descriptors,void,void,frameless internal entry,active OS control closure,os_callable_contracts.csv,Verified
implementation,0x3586,write_alpha_word,Write a raw word to one indexed alpha VRAM cell,cell index long; value word,void,normal stack ABI,active OS control closure,os_callable_contracts.csv,Verified
implementation,0x359A,wait_vblanks,Busy-wait for the requested number of changes to the OS VBLANK counter,count word,void,normal stack ABI,active OS control closure,os_callable_contracts.csv,Verified
implementation,0x35B2,set_text_position,Set the two leading descriptor coordinates and clear descriptor repeat byte 6,descriptor pointer; coordinate0; coordinate1,void,normal stack ABI,active OS control closure,os_callable_contracts.csv,Verified
implementation,0x35C4,process_coins,"Decode two packed four-channel coin-counter samples, apply the configured multiplier/bonus, and update per-player coin totals and pending credits",previous packed 2-bit counter sample; current packed 2-bit counter sample,void,normal two-slot stack ABI; only each slot's low byte is consumed,active OS control closure,os_callable_contracts.csv,Verified
implementation,0x3706,get_coin_multiplier,Validate the complementary coin-configuration bytes and derive the current coin multiplier,void,"D0.l = multiplier 1-4, or 0 for free play/invalid high setting",normal stack ABI,active OS control closure,os_callable_contracts.csv,Verified
implementation,0x3740,calc_health_per_coin,Fold pending credit units into one player's bounded coin accumulator and convert it to health units,player index long,"D0.l = 12 * accumulated coin units / multiplier, or 24 in free play",normal stack ABI; mutates the selected pending and accumulated coin bytes,active OS control closure,os_callable_contracts.csv,Verified
implementation,0x37C2,check_and_deduct_coin,Check whether one player has at least twelve health units of credit and deduct one multiplier group,player index long,"D0.l = 1 on success/free play, 0 when insufficient",normal stack ABI,active OS control closure,os_callable_contracts.csv,Verified
implementation,0x3804,check_and_deduct_credits,Check a player's pending-plus-accumulated credit units and consume the requested amount,required credit units long; player index long,"D0.l = 1 on success/free play, 0 when insufficient",normal stack ABI; consumes pending units before accumulated units,active OS control closure,os_callable_contracts.csv,Verified
implementation,0x3860,read_eeprom_setting,Read one difficulty-row histogram byte when that row is available,difficulty threshold/row long; bin index long,"D0.l = byte value, -1 when bin index exceeds 19, or -2 when current difficulty is not above the requested row",normal stack ABI,active OS control closure,os_callable_contracts.csv,Verified
implementation,0x38C0,read_game_config,Decode one packed game-configuration item through the descriptor table,configuration index long,D0.l = decoded value; index 13 returns the signed game difficulty byte; indexes above 13 return -1,normal stack ABI,active OS control closure,os_callable_contracts.csv,Verified
implementation,0x39B0,read_high_score_entry,Expand one five-byte EEPROM high-score record into the shared score/ASCII work buffer,character class word; rank word,"D0.l = pointer to seven-byte expanded entry, or 0 when rank exceeds 9",normal stack ABI; character class is expected to be 0-3 and is not bounds-checked,active OS control closure,os_callable_contracts.csv,Verified
implementation,0x3A7E,write_high_score_entry,Encode and insert one expanded score/initials record into a class table and queue affected EEPROM regions,character class word; rank word; expanded-entry pointer,"D0.l = 0 success, -1 when rank exceeds 9, or -2 when score exceeds 24 bits",normal stack ABI; character class is expected to be 0-3 and is not bounds-checked,active OS control closure,os_callable_contracts.csv,Verified
implementation,0x3BE8,update_active_player_time_stats,"Accumulate elapsed VBLANKs for active players, periodically fold hours into configuration counters, and update the active mask",active-player bit mask long,D0.l = pointer to the first per-player elapsed-VBLANK counter at 0x904F50,normal stack ABI; queues EEPROM regions when hour counters change,active OS control closure,os_callable_contracts.csv,Verified
implementation,0x3CF6,write_eeprom_setting,Apply the public setting-write policy and delegate packed configuration storage,configuration index long; value long,D0.l = -1 for index above 13; otherwise the delegated writer's observable result,normal stack ABI; indexes below 11 are forcibly written as zero,active OS control closure,os_callable_contracts.csv,Verified
implementation,0x3D18,write_game_config,Pack one configuration value according to the descriptor table and queue affected EEPROM regions,configuration index long; value long,D0.l = -1 for index above 13; a changed ordinary value returns queued region 0 or 1; unchanged-value paths leave an incidental work value,normal stack ABI; index 13 clears difficulty rows and queues their regions,active OS control closure,os_callable_contracts.csv,Verified
implementation,0x3F68,rank_high_score,Compare a 24-bit score against one class's ten EEPROM records,character class word; score long,"D0.l = rank 0-9, 10 when score does not rank, or -1 when score exceeds 24 bits",normal stack ABI; character class is expected to be 0-3 and is not bounds-checked,active OS control closure,os_callable_contracts.csv,Verified
implementation,0x401A,activate_player_time_tracking,Add one player to the active-time mask and immediately account elapsed VBLANKs,player index long,D0.l = pointer to the first per-player elapsed-VBLANK counter at 0x904F50,normal stack ABI; tail result is propagated from 0x3BE8,active OS control closure,os_callable_contracts.csv,Verified
implementation,0x4038,record_player_session_histogram,"Remove a player from active-time tracking, normalize the elapsed session by coin count/difficulty, and increment the corresponding EEPROM histogram bin",player index word in a long slot; coin-count/divisor word in a long slot,void,normal two-slot stack ABI; divisor is capped at 128 and is expected nonzero,active OS control closure,os_callable_contracts.csv,Verified
implementation,0x4184,send_sound_command,Submit a sound command with a direct response destination and byte count,command word; response destination pointer; response byte count word,"D0.l = 1 when accepted, 0 when latch or direct-response channel is busy",normal stack wrapper over 0x4198 register body,active OS control closure,os_callable_contracts.csv,Verified
implementation,0x4198,send_sound_command_register,Submit the packed command/direct-response request already loaded in registers,D0.l = response count in high word and command in low word; A0 = response destination; A1 = sound state base,"D0.l = 1 when accepted, 0 when busy",register entry shared with the 0x4184 wrapper,active OS control closure,os_callable_contracts.csv,Verified
implementation,0x41C8,send_sound_command_wait,Wait until the sound latch is available and submit one command,command word,D0.l = 1,normal stack veneer; D0=0 selects retry in shared body 0x41CE,active OS control closure,os_callable_contracts.csv,Verified
implementation,0x41CC,try_send_sound_command,Attempt one sound-latch submission without waiting,command word,"D0.l = 1 when accepted, 0 when busy",normal stack veneer; D0=1 selects one attempt in shared body 0x41CE,active OS control closure,os_callable_contracts.csv,Verified
implementation,0x41FA,process_sound,"Advance sound-status polling, coin-status delivery, EEPROM processing, and command-3 response polling",void,void,normal stack ABI,active OS control closure,os_callable_contracts.csv,Verified
implementation,0x427A,sound_receive_irq_body,Receive one sound byte into the active direct destination or the 15-byte ring,CPU interrupt frame,no scalar result,interrupt entry; saves D0/A0/A1 and returns with RTE,active OS control closure,os_callable_contracts.csv,Verified
implementation,0x42C8,read_sound_data,Pop one byte from the 15-byte sound receive ring,void,"D0.l = next byte, or -1 when empty",normal stack ABI,active OS control closure,os_callable_contracts.csv,Verified
implementation,0x42F8,reset_sound_cpu,"Assert sound reset, emit a startup command, clear queue/direct-response state, and release reset",sound control word; startup command word,void,normal two-slot stack ABI,active OS control closure,os_callable_contracts.csv,Verified
implementation,0x432E,eeprom_process,Advance the VBLANK counter and process at most one verification/write step or one queued asynchronous read,void,void,normal stack ABI; serializes EEPROM writes through unlock register 0x803150,active OS control closure,os_callable_contracts.csv,Verified
implementation,0x44E8,eeprom_init,"Validate the game hook, allocate the difficulty-sized configuration image on the caller stack, load/check/correct redundant EEPROM blocks, and queue repairs",void,"D0.l = 0 initialized, 1 invalid game-hook header, or -1 on terminal initialization/error-state exit","nonstandard persistent stack allocation: removes the return address, reserves the configuration image, then restores the return address below it",active OS control closure,os_callable_contracts.csv,Verified
implementation,0x4674,eeprom_decode_block,Select a ten-byte destination from A2/D3 and decode one thirty-byte redundant EEPROM block with syndrome correction,A2 = configuration image; A3 = EEPROM base; D2 = physical block; D3 = destination record,"D0.l = 0 clean, positive for a correctable syndrome, negative for uncorrectable syndrome; D2 and D3 increment",register-only internal entry; falls into 0x467C shared decoder,active OS control closure,os_callable_contracts.csv,Verified
implementation,0x467C,eeprom_decode_block_to,Decode one thirty-byte redundant EEPROM block into an explicitly supplied ten-byte destination,A1 = destination; A2 = configuration image/error counter context; A3 = EEPROM base; D2 = physical block; D3 = record counter,"D0.l = 0 clean, positive for a correctable syndrome, negative for uncorrectable syndrome; D2 and D3 increment",register-only shared entry used by synchronous reads,active OS control closure,os_callable_contracts.csv,Verified
implementation,0x4770,eeprom_clear_statistics,Clear the 200-byte high-score/statistics area and queue EEPROM regions 4-11,A2 = configuration image,void,register-only initialization helper; tail-enters shared request-bitmap update,active OS control closure,os_callable_contracts.csv,Verified
implementation,0x4784,eeprom_clear_configuration,"Clear configuration bytes 0-9, 16-18, and 20-29 and queue EEPROM regions 0-2",A2 = configuration image,void,register-only initialization helper; tail-enters shared request-bitmap update,active OS control closure,os_callable_contracts.csv,Verified
implementation,0x47A8,eeprom_request_write,Queue one logical EEPROM region by setting its request-bitmap bit,region index long,D0.l = supplied region index,normal stack veneer over 0x47AC register entry,active OS control closure,os_callable_contracts.csv,Verified
implementation,0x47AC,eeprom_request_write_register,Queue one logical EEPROM region already selected in D0,D0.l = region index,D0.l = supplied region index,register-only shared entry,active OS control closure,os_callable_contracts.csv,Verified
implementation,0x47B8,eeprom_clear_difficulty_rows,Clear all allocated difficulty histogram rows and queue their logical EEPROM regions,A2 = configuration image,void,"register-only initialization helper; returns immediately when difficulty is zero, otherwise tail-enters shared request-bitmap update",active OS control closure,os_callable_contracts.csv,Verified
implementation,0x4802,eeprom_check_busy,"Test the write bitmap, asynchronous-read ring, and active byte-write pointer",void,"D0.l = 1 when any EEPROM work is pending, 0 when idle",normal stack ABI,active OS control closure,os_callable_contracts.csv,Verified
implementation,0x4822,eeprom_read_block,Read and verify a logical EEPROM block synchronously or enqueue an asynchronous read,"destination pointer; logical block index word; mode long (zero synchronous, nonzero queued)","D0.l = 1 success/queued, 0 invalid/busy/full; synchronous decode also returns -1 correctable syndrome or -2 uncorrectable syndrome",normal mixed-width three-slot stack ABI,active OS control closure,os_callable_contracts.csv,Verified
implementation,0x4896,wait_vblank_counter_ticks,Wait for a requested number of changes to the EEPROM/VBLANK long counter,tick count word in a long slot,void,normal stack ABI,active OS control closure,os_callable_contracts.csv,Verified
implementation,0x48B8,display_text_set_cursor,Draw one string at explicit coordinates and update the operator-UI cursor to its end,coordinate0 low byte; coordinate1 low byte; string pointer,void,normal three-slot stack ABI,active OS control closure,os_callable_contracts.csv,Verified
implementation,0x4912,display_text_at_cursor,Draw one string at the saved operator-UI cursor and advance that cursor,string pointer,void,normal stack veneer over 0x48B8,active OS control closure,os_callable_contracts.csv,Verified
implementation,0x493C,display_decimal_at_cursor,Draw one trimmed eight-digit decimal value at the saved operator-UI cursor,value long,void,normal stack veneer over 0x4966,active OS control closure,os_callable_contracts.csv,Verified
implementation,0x4966,display_decimal_set_cursor,"Format an eight-digit zero-padded decimal, trim leading zeroes while retaining one digit, draw it at explicit coordinates, and update the cursor",coordinate0 low byte; coordinate1 low byte; value long,void,normal three-slot stack ABI,active OS control closure,os_callable_contracts.csv,Verified
implementation,0x49C8,option_record_present,Test whether the first two bytes of an option descriptor record are both zero,record pointer,D0.l = bitwise OR of record bytes 0 and 1 (zero means terminator),normal stack ABI,active OS control closure,os_callable_contracts.csv,Verified
implementation,0x49E8,find_option_record,Advance through a variable-length option-descriptor stream to one record index,descriptor-stream pointer; record index word,"D0.l = selected record pointer, or 0 at/past the terminator",normal two-slot stack ABI,active OS control closure,os_callable_contracts.csv,Verified
implementation,0x4A44,render_option_record,"Render one option descriptor's label and selected value, optionally clearing its prior effect",record pointer; current settings word; comparison/default word; display row word; style/clear flags word,"D0.l = pointer to the following record, or 0 for a terminator",normal five-slot stack ABI,active OS control closure,os_callable_contracts.csv,Verified
implementation,0x4B66,render_option_record_page,Find a starting option record and render one orientation-sized page of records,stream pointer; current settings word; comparison/default word; first record index word; style/clear flags word,void,normal five-slot stack ABI,active OS control closure,os_callable_contracts.csv,Verified
implementation,0x4BE6,display_next_screen_prompt,Draw the game-specific action label inside the OS 'Press ... for next screen' prompt,void,void,normal stack ABI,active OS control closure,os_callable_contracts.csv,Verified
implementation,0x4C38,init_operator_mob_display,Install the eight-word operator-screen MOB template and clear its trailing link word,void,void,normal stack ABI,active OS control closure,os_callable_contracts.csv,Verified
implementation,0x4C66,run_statistics_histograms,"Display and navigate per-player difficulty histograms, with optional clearing",nonzero allows clear operation,void,normal stack ABI,active OS control closure,os_callable_contracts.csv,Verified
implementation,0x4FA0,display_statistics_play_time,"Sum stored play-time groups, scale large totals safely, and display total time plus active-time percentage",display row word in a long slot,void,normal stack ABI,active OS control closure,os_callable_contracts.csv,Verified
implementation,0x5098,run_statistics_summary,Display stored configuration/statistics counters and optionally clear the resettable counters,nonzero allows clear operation,void,normal stack ABI,active OS control closure,os_callable_contracts.csv,Verified
implementation,0x522A,run_game_settings_bit_editor,Interactively edit the sixteen raw game-settings bits and store configuration item 12,void,void,normal stack ABI,active OS control closure,os_callable_contracts.csv,Verified
implementation,0x5392,draw_game_settings_bits,Draw all sixteen game-settings bits and highlight one selected bit,settings word in a long slot; selected bit index word in a long slot,void,normal two-slot stack ABI,active OS control closure,os_callable_contracts.csv,Verified
implementation,0x5454,run_statistics_screens,"Initialize operator-screen MOBs, run the statistics summary, then run the histogram viewer",nonzero allows clear operations,void,normal stack ABI,active OS control closure,os_callable_contracts.csv,Verified
implementation,0x5476,run_option_descriptor_editor,Render and interactively edit a variable-length option-descriptor stream,descriptor-stream pointer; current settings word; comparison/default settings word,D0.l = edited settings word,normal three-slot stack ABI,active OS control closure,os_callable_contracts.csv,Verified
implementation,0x58C6,run_game_options,Initialize the operator display and edit configuration item 12 through a descriptor stream or the raw-bit fallback,"descriptor-stream pointer, or null for raw-bit editor","D0.l = observable delegated setting-writer result, not the edited word",normal stack ABI,active OS control closure,os_callable_contracts.csv,Verified
implementation,0x593C,run_coin_options,"Initialize the operator display, edit configuration item 11 through the built-in coin-options stream, and store it",void,"D0.l = observable delegated setting-writer result, not the edited word",normal stack ABI,active OS control closure,os_callable_contracts.csv,Verified
retained_module,0x8000,legacy_monster_object_update,"Walks legacy MOB lists, updates monster/object animation and movement state, and invokes the module's collision/path workers",object-list selector word,void,normal stack ABI; module has no Gauntlet II caller,No incoming transfer from active OS or supplied Gauntlet II main ROM,os_legacy_module_contracts.csv,Strong inference
retained_module,0x8702,legacy_monster_choose_direction,"Chooses a direction from nearby player positions, validates terrain interactions, and schedules the legacy move/path operation",D2.w object byte offset; inherited A2-A6 VRAM/state bases,updates object direction/path state; condition codes,register worker reached only from 0x8000,No incoming transfer from active OS or supplied Gauntlet II main ROM,os_legacy_module_contracts.csv,Strong inference
retained_module,0x89AA,legacy_four_cell_occupied_test,Tests four consecutive cells against the primary and alternate occupancy arrays,D4.w first cell byte offset; inherited A2 and alternate occupancy base,condition codes from first clear/occupied result,register leaf,No incoming transfer from active OS or supplied Gauntlet II main ROM,os_legacy_module_contracts.csv,Strong inference
retained_module,0x89E6,legacy_position_in_active_bounds,Checks a wrapped position against the legacy active-screen bounds,D4.b horizontal; D5.b vertical,D4.l=-1 inside wrapped active window; 0 outside,register leaf,No incoming transfer from active OS or supplied Gauntlet II main ROM,os_legacy_module_contracts.csv,Strong inference
retained_module,0x8A12,legacy_set_direction_from_delta,Derives one of eight direction encodings from signed horizontal/vertical deltas,D2.w object byte offset; D3.w candidate offset; A3/A4 positions; A6 state,void; direction bits updated in A6[D2],register leaf,No incoming transfer from active OS or supplied Gauntlet II main ROM,os_legacy_module_contracts.csv,Strong inference
retained_module,0x8AE8,legacy_moblist_insert,Inserts a slot into the legacy depth/list chains while preserving upper link/state fields,D1.w destination byte offset; inherited A2/A5/A6 arrays,void,register leaf,No incoming transfer from active OS or supplied Gauntlet II main ROM,os_legacy_module_contracts.csv,Strong inference
retained_module,0x8C36,legacy_move_mob_slot,"Inserts the destination, copies the five parallel slot words, repairs link fields, then removes and clears the source",D2.w source byte offset; D1.w destination byte offset; A2-A6 arrays,void,register shared entry; falls through to 0x8C70,No incoming transfer from active OS or supplied Gauntlet II main ROM,os_legacy_module_contracts.csv,Strong inference
retained_module,0x8C70,legacy_moblist_remove_and_clear,"Unlinks a slot from both legacy chains, repairs the bucket head, and clears all five parallel slot words",D2.w object byte offset; inherited A2-A6 arrays,void,register leaf and 0x8C36 fallthrough tail,No incoming transfer from active OS or supplied Gauntlet II main ROM,os_legacy_module_contracts.csv,Strong inference
retained_module,0x8D00,legacy_moblist_unlink,Unlinks a slot and clears only the low link-index fields while preserving upper object state,D2.w object byte offset; inherited A5/A6 link arrays,void,register leaf,No incoming transfer from active OS or supplied Gauntlet II main ROM,os_legacy_module_contracts.csv,Strong inference
retained_module,0x8F38,legacy_probe_up,Probes the three cells in the upward direction with wrap-aware coordinate rejection,D2.w cell offset; D3.w radius; D4/D5 coordinates; A2-A4 arrays,D1.w candidate or 0/-1 sentinel; condition codes,register leaf,No incoming transfer from active OS or supplied Gauntlet II main ROM,os_legacy_module_contracts.csv,Strong inference
retained_module,0x9006,legacy_probe_down,Probes the three cells in the downward direction with wrap-aware coordinate rejection,D2.w cell offset; D3.w radius; D4/D5 coordinates; A2-A4 arrays,D1.w candidate or 0/-1 sentinel; condition codes,register leaf,No incoming transfer from active OS or supplied Gauntlet II main ROM,os_legacy_module_contracts.csv,Strong inference
retained_module,0x90D2,legacy_probe_left,Probes left and the two adjacent diagonal cells,D2.w cell offset; D3.w radius; D4/D5 coordinates; A2-A4 arrays,D1.w candidate or -1 sentinel; condition codes,register leaf,No incoming transfer from active OS or supplied Gauntlet II main ROM,os_legacy_module_contracts.csv,Strong inference
retained_module,0x9192,legacy_probe_right,Probes right and the two adjacent diagonal cells,D2.w cell offset; D3.w radius; D4/D5 coordinates; A2-A4 arrays,D1.w candidate or -1 sentinel; condition codes,register leaf,No incoming transfer from active OS or supplied Gauntlet II main ROM,os_legacy_module_contracts.csv,Strong inference
retained_module,0x9284,legacy_recursive_path_move,"Recursively explores neighboring cells, applies proximity/contact tests, and moves the selected legacy actor slot",D0.w legacy actor-list index; inherited D6/D7 mode and A2-A4 arrays,D0.w status/move result,recursive register worker,No incoming transfer from active OS or supplied Gauntlet II main ROM,os_legacy_module_contracts.csv,Strong inference
retained_module,0x9864,legacy_test_actor_contact_a,Converts offsets to indices and invokes the legacy actor-contact predicate,D1.w cell offset; D5.w actor-list offset,D0 predicate and condition codes,register wrapper around stale external target 0x49572,No incoming transfer from active OS or supplied Gauntlet II main ROM,os_legacy_module_contracts.csv,Strong inference
retained_module,0x9880,legacy_test_actor_contact_b,Second identical entry for the legacy actor-contact predicate,D1.w cell offset; D5.w actor-list offset,D0 predicate and condition codes,duplicate register wrapper around stale external target 0x49572,No incoming transfer from active OS or supplied Gauntlet II main ROM,os_legacy_module_contracts.csv,Strong inference
retained_module,0x989C,legacy_probe_vertical_triplet_up,Tests the upward cell and two horizontal neighbors through the common proximity leaf,D2.w cell; D3/D4 coordinates; A2-A4 arrays,condition codes; D1 candidate,register worker,No incoming transfer from active OS or supplied Gauntlet II main ROM,os_legacy_module_contracts.csv,Strong inference
retained_module,0x98D8,legacy_probe_vertical_triplet_down,Tests the downward cell and two horizontal neighbors through the common proximity leaf,D2.w cell; D3/D4 coordinates; A2-A4 arrays,condition codes; D1 candidate,register worker,No incoming transfer from active OS or supplied Gauntlet II main ROM,os_legacy_module_contracts.csv,Strong inference
retained_module,0x9914,legacy_test_cell_proximity,Rejects an empty/distant cell and records signed and absolute coordinate deltas,D1.w candidate; D3/D4 coordinates; A2-A4 arrays,carry set iff both wrapped coordinate distances are below 0x07C0,register leaf; also writes four diagnostic delta words,No incoming transfer from active OS or supplied Gauntlet II main ROM,os_legacy_module_contracts.csv,Strong inference
retained_module,0x99A0,legacy_probe_horizontal_triplet_left,Tests the left cell and two vertical neighbors through the common proximity leaf,D2.w cell; D3/D4 coordinates; A2-A4 arrays,condition codes; D1 candidate,register worker,No incoming transfer from active OS or supplied Gauntlet II main ROM,os_legacy_module_contracts.csv,Strong inference
retained_module,0x99D8,legacy_probe_horizontal_triplet_right,Tests the right cell and two vertical neighbors through the common proximity leaf,D2.w cell; D3/D4 coordinates; A2-A4 arrays,condition codes; D1 candidate,register worker,No incoming transfer from active OS or supplied Gauntlet II main ROM,os_legacy_module_contracts.csv,Strong inference
