literal_address,linear_sites,callable_examples,covering_flags,status,confidence
0x904000,0x43710;0x43916;0x43AE4;0x43F80;0x43FC0;0x4420E;0x44462;0x44E1E;0x44E2E;0x44E36;0x44EB8;0x45228,attract_highscores@0x4A134;level_splash@0x4BE5C;level_splash@0x4C058;level_splash@0x4C10C;load_legend_page@0x4CD2A;main_handle_potions@0x47052,ram.os_flag,exact_union_match,Verified
0x904002,0x401AC;0x401BE;0x42A6E;0x430DA;0x430E0;0x434B0;0x434B6;0x439EE;0x43C58;0x49C1E;0x49CA4;0x53652,eeprom_load_config@0x430DA;eeprom_load_config@0x430E0;forcefield_segments_setup@0x53652;g2mainloop@0x42A6E;game_vblank@0x401AC;game_vblank@0x401BE,ram.vblank_semaphore,exact_union_match,Verified
0x904004,0x401B2;0x40F82;0x4374C;0x43786;0x437E4;0x438E4;0x4394E;0x43AF0;0x43F96;0x441A8;0x4426C;0x4445A,game_vblank@0x401B2;level_splash@0x4BE38;level_splash@0x4BE52;level_splash@0x4BFAE;level_splash@0x4C0A4;main_attract@0x44924,ram.os_vblank_occurred,exact_union_match,Verified
0x904006,0x40304;0x40328;0x403C4;0x4059C;0x40EAA;0x42A86;0x44524;0x457DE;0x4670C;0x475BC;0x4A838;0x4A8CC,g2mainloop@0x42A86;game_vblank@0x40304;game_vblank@0x40328;game_vblank@0x403C4;main_cycle_tport_and_ffield@0x4059C;main_handle_shots@0x475BC,ram.pf_vscroll_hi,exact_union_match,Verified
0x904007,0x4580C;0x478CE,main_handle_shots@0x478CE;main_score_display@0x4580C,ram.pf_vscroll_hi,exact_union_match,Verified
0x904008,0x401A2;0x46CB2;0x46FA6;0x46FBC;0x49052;0x4A166;0x4CB96;0x4CBE0;0x4CDC6;0x4CFE8;0x5053A;0x5E596,attract_highscores@0x4A166;dialog_position_box@0x4CB96;dialog_position_box@0x4CBE0;display_state_clear@0x5FD28;draw_legend_monsters_page@0x4CDC6;draw_legend_rules_page@0x4CFE8,ram.pf_hscroll,exact_union_match,Verified
0x90400A,0x4018E;0x46CB8;0x46FB6;0x46FD4;0x49042;0x4A16E;0x4CBB2;0x4CBF4;0x4CDCE;0x4CFF0;0x4DE16;0x4DE32,attract_highscores@0x4A16E;dialog_position_box@0x4CBB2;dialog_position_box@0x4CBF4;display_state_clear@0x5FD22;draw_legend_monsters_page@0x4CDCE;draw_legend_rules_page@0x4CFF0,ram.pf_vscroll_lo,exact_union_match,Verified
0x90400C,0x40196;0x4328E,game_vblank@0x40196;one_time_init@0x4328E,ram.timer_countdown,exact_union_match,Verified
0x90400E,0x4302A;0x43224;0x52DFE;0x52E24;0x52E30,eeprom_load_config@0x4302A;eeprom_periodic_write@0x43224;player_exit_sequence@0x52DFE;player_exit_sequence@0x52E24;player_exit_sequence@0x52E30,ram.sound_data_recv,exact_union_match,Verified
0x90400F,0x431AA,eeprom_write@0x431AA,ram.sound_data_recv,exact_union_match,Verified
0x904010,0x42F94;0x43212;0x46A0E;0x52EDE,eeprom_load_config@0x42F94;eeprom_periodic_write@0x43212;main_health_countdown@0x46A0E;maze_checknum@0x52EDE,ram.sound_data_flag,exact_union_match,Verified
0x904011,0x431A0,eeprom_write@0x431A0,ram.sound_data_flag,exact_union_match,Verified
0x904012,0x43086;0x430FC;0x4317E;0x431F2;0x46A98;0x52F10,eeprom_load_config@0x43086;eeprom_load_config@0x430FC;eeprom_load_config@0x4317E;eeprom_periodic_write@0x431F2;main_health_countdown@0x46A98;maze_checknum@0x52F10,ram.sound_test_status_value,exact_union_match,Verified
0x904016,0x43066;0x43248;0x44ECA;0x44F08;0x44F14,eeprom_load_config@0x43066;eeprom_periodic_write@0x43248;show_level_start_screen@0x44ECA;show_level_start_screen@0x44F08;show_level_start_screen@0x44F14,ram.treas_mazerand_adder,exact_union_match,Verified
0x904017,0x431BE,eeprom_write@0x431BE,ram.treas_mazerand_adder,exact_union_match,Verified
0x904018,0x43038;0x4303E;0x4304A;0x43054;0x43236;0x44EB2;0x44ED2;0x44ED8;0x44EE6;0x44EF6;0x44EFC,eeprom_load_config@0x43038;eeprom_load_config@0x4303E;eeprom_load_config@0x4304A;eeprom_load_config@0x43054;eeprom_periodic_write@0x43236;show_level_start_screen@0x44EB2,ram.treas_mazerand_num,exact_union_match,Verified
0x904019,0x431B4,eeprom_write@0x431B4,ram.treas_mazerand_num,exact_union_match,Verified
0x90401A,0x52FA0;0x5E648,main_walls_cyclic_move@0x5E648;maze_forcefield_setup@0x52FA0,ram.wallcycle_time,exact_union_match,Verified
0x90401C,0x52F96;0x5E69A;0x5E6AC,main_walls_cyclic_move@0x5E69A;main_walls_cyclic_move@0x5E6AC;maze_forcefield_setup@0x52F96,ram.wallcycle_type,exact_union_match,Verified
0x90401E,0x401D4;0x40E9A;0x42A8E;0x435B6;0x43694;0x47094;0x4BA7A;0x5FCD0,g2mainloop@0x42A8E;game_vblank@0x401D4;init_display@0x435B6;init_display@0x43694;main_handle_potions@0x47094;monsters_everything@0x40E9A,ram.playfield_colorsave1,exact_union_match,Verified
0x904020,0x40EA0;0x42A8E;0x435B0;0x4369A;0x5FCD6,g2mainloop@0x42A8E;init_display@0x435B0;init_display@0x4369A;monsters_everything@0x40EA0;pf_palette_clear@0x5FCD6,ram.playfield_colorsave2,exact_union_match,Verified
0x904022,0x41588;0x41734;0x4707E;0x4BA88,main_handle_potions@0x4707E;monsters_everything@0x41588;monsters_everything@0x41734,ram.potion_player,exact_union_match,Verified
0x904024,0x407C6;0x4080E;0x40AD0;0x40AF6;0x40B20;0x42116;0x42282;0x4234E;0x4248E;0x42666;0x426AA;0x4AF04,dragon_shot_hitbox_adjust@0x54BA0;dragon_shot_hitbox_adjust@0x54BC6;mob_probe_candidate@0x407C6;mob_probe_candidate@0x4080E;player_try_move_core@0x42116;player_try_move_core@0x42282,ram.collision_dist_H,exact_union_match,Verified
0x904026,0x407DE;0x4082E;0x40AF0;0x41CDA;0x41E46;0x41F0E;0x4204E;0x4267C;0x426C8;0x4AEC2;0x4EF32;0x4F0A8,dragon_shot_hitbox_adjust@0x54BBC;mob_probe_candidate@0x407DE;mob_probe_candidate@0x4082E;player_try_move_core@0x41CDA;player_try_move_core@0x41E46;player_try_move_core@0x41F0E,ram.collision_dist_V,exact_union_match,Verified
0x904028,0x407B6;0x407FE;0x40AC0;0x40B10;0x42656;0x4269A;0x4AED6;0x4AEF8,mob_probe_candidate@0x407B6;mob_probe_candidate@0x407FE;probe_down@0x42656;probe_down@0x4269A;shot_collision_candidate_core@0x40AC0;shot_collision_candidate_core@0x40B10,ram.shothit_dist_H,exact_union_match,Verified
0x90402A,0x407D4;0x40824;0x40AE0;0x42672;0x426BE;0x4AF18;0x4AF38,mob_probe_candidate@0x407D4;mob_probe_candidate@0x40824;probe_down@0x42672;probe_down@0x426BE;shot_collision_candidate_core@0x40AE0;shot_onscreen_check@0x4AF18,ram.shothit_dist_V,exact_union_match,Verified
0x90402C,0x4041A;0x40430;0x40448,game_vblank@0x4041A;game_vblank@0x40430;game_vblank@0x40448,ram.palette_pulse_dir_b,exact_union_match,Verified
0x90402E,0x403D6;0x403EC;0x40404,game_vblank@0x403D6;game_vblank@0x403EC;game_vblank@0x40404,ram.palette_pulse_dir_a,exact_union_match,Verified
0x904030,0x40456;0x40542;0x4054A,game_vblank@0x40456;main_cycle_tport_and_ffield@0x40542;main_cycle_tport_and_ffield@0x4054A,ram.tport_cycle_pos,exact_union_match,Verified
0x904032,0x4053C;0x40554;0x4055E;0x50374,main_cycle_tport_and_ffield@0x4053C;main_cycle_tport_and_ffield@0x40554;main_cycle_tport_and_ffield@0x4055E;player_tport@0x50374,ram.tport_cycle_dir,exact_union_match,Verified
0x904034,0x40528;0x40534,main_cycle_tport_and_ffield@0x40528;main_cycle_tport_and_ffield@0x40534,ram.tport_cycle_divider,exact_union_match,Verified
0x904036,0x4014C;0x403A0;0x44BB0,game_start@0x4014C;game_vblank@0x403A0;maze_setupnew@0x44BB0,ram.ptr_playfield_color1,exact_union_match,Verified
0x90403A,0x40156;0x403A6;0x44BD0,game_start@0x40156;game_vblank@0x403A6;maze_setupnew@0x44BD0,ram.ptr_playfield_color2,exact_union_match,Verified
0x90403E,0x40160;0x403AC;0x44BEC,game_start@0x40160;game_vblank@0x403AC;maze_setupnew@0x44BEC,ram.selftest_button0_label,exact_union_match,Verified
0x904042,0x4016A;0x40586;0x44C06,game_start@0x4016A;main_cycle_tport_and_ffield@0x40586;maze_setupnew@0x44C06,ram.ptr_ff_cycle_delay;ram.selftest_button0_label,exact_union_match,Verified
0x904046,0x403B2;0x405AE;0x405B8;0x4AA42,game_vblank@0x403B2;main_cycle_tport_and_ffield@0x405AE;main_cycle_tport_and_ffield@0x405B8;main_move_players@0x4AA42,ram.forcefield_color;ram.selftest_button0_label,exact_union_match,Verified
0x904048,0x4056C;0x40590,main_cycle_tport_and_ffield@0x4056C;main_cycle_tport_and_ffield@0x40590,ram.ff_cycle_timer;ram.selftest_button0_label,exact_union_match,Verified
0x904049,0x40566,main_cycle_tport_and_ffield@0x40566,ram.ff_cycle_index;ram.ff_cycle_timer;ram.selftest_button0_label,exact_union_match,Verified
0x90404A,0x4F592;0x4F91A,thief_compute_path@0x4F91A;thief_move_engine@0x4F592,ram.selftest_button0_label;ram.thief_path_direction,exact_union_match,Verified
0x90404B,0x4ADB2;0x4AE04;0x4AE54;0x4AE74,enqueue_sound@0x4AE04;main_update_sound@0x4AE54;main_update_sound@0x4AE74;sound_queue_reset@0x4ADB2,ram.selftest_button0_label;ram.soundqueue,exact_union_match,Verified
0x904053,0x4ADCE;0x4ADDC;0x4AE42,enqueue_sound@0x4ADDC;main_update_sound@0x4AE42;sound_queue_reset@0x4ADCE,ram.selftest_button0_label;ram.soundqueue_head,exact_union_match,Verified
0x904054,0x4ADC8;0x4ADE8;0x4AE24,enqueue_sound@0x4ADE8;main_update_sound@0x4AE24;sound_queue_reset@0x4ADC8,ram.selftest_button0_label;ram.soundqueue_tail,exact_union_match,Verified
0x904055,0x43376;0x45B40;0x47070;0x4709E;0x482F0;0x48310;0x4D882;0x4E0A8;0x4E290;0x4E3AC;0x5145A;0x51544,main_handle_potions@0x47070;main_handle_potions@0x4709E;main_start_game@0x482F0;main_start_game@0x48310;player_inv_update@0x45B40;player_resetcounters@0x43376,ram.player_potionsnum;ram.selftest_button0_label,exact_union_match,Verified
0x90405A,0x4336A;0x45B08;0x467EC;0x46860;0x46880;0x46898;0x468B4;0x482E0;0x482F6;0x48326;0x4AC80;0x4D870,main_health_countdown@0x467EC;main_health_countdown@0x46860;main_health_countdown@0x46880;main_health_countdown@0x46898;main_health_countdown@0x468B4;main_move_players@0x4AC80,ram.player_keysnum;ram.selftest_button1_label,exact_union_match,Verified
0x90405F,0x40F76;0x42C30;0x42C38;0x44106;0x482E6;0x48BA6;0x48EF6;0x48F00;0x4D876,coincheck@0x42C30;coincheck@0x42C38;main_start_game@0x482E6;maze_addrandompickups@0x44106;monsters_everything@0x40F76;player_start_inner@0x48EF6,ram.monster_spawn_probability_bonus;ram.selftest_button1_label,exact_union_match,Verified
0x904060,0x4E9AC;0x4EA10;0x4EB7C;0x4ECA2;0x4ECAA;0x4ECBA,main_thief_anim@0x4E9AC;main_thief_anim@0x4EA10;main_thief_anim@0x4EB7C;main_thief_anim@0x4ECA2;main_thief_anim@0x4ECAA;main_thief_anim@0x4ECBA,ram.selftest_button1_label;ram.thief_pursuit_direction,exact_union_match,Verified
0x904061,0x4E9BE;0x4E9E2;0x4EA18,main_thief_anim@0x4E9BE;main_thief_anim@0x4E9E2;main_thief_anim@0x4EA18,ram.selftest_button1_label;ram.thief_pursuit_player,exact_union_match,Verified
0x904062,0x4E9DA;0x4EA28,main_thief_anim@0x4E9DA;main_thief_anim@0x4EA28,ram.selftest_button1_label;ram.thief_pursuit_shot_direction,exact_union_match,Verified
0x904063,0x42858;0x428EE;0x42984;0x42A1A;0x43928;0x44DD6;0x44DE0;0x44DEC;0x44F98;0x469E0;0x4826C;0x482BC,door_traverse_down@0x42A1A;door_traverse_left@0x428EE;door_traverse_right@0x42858;door_traverse_up@0x42984;main_health_countdown@0x469E0;main_start_game@0x4826C,ram.selftest_button1_label;ram.trick_player,exact_union_match,Verified
0x904064,0x44E06;0x54C50,secret_code_build@0x54C50;show_level_start_screen@0x44E06,ram.selftest_button1_label;ram.trick_last,exact_union_match,Verified
0x904065,0x42846;0x428DC;0x42972;0x42A08;0x43922;0x4393E;0x43944;0x43958;0x43C22;0x44DBC;0x48294;0x4829E,door_traverse_down@0x42A08;door_traverse_left@0x428DC;door_traverse_right@0x42846;door_traverse_up@0x42972;dragon_shot_hit@0x54420;main_start_game@0x48294,ram.selftest_button1_label;ram.trick_tasknum,exact_union_match,Verified
0x904066,0x40E8A;0x4251A;0x427F8;0x4282C;0x428C2;0x42958;0x429EE;0x44AF0;0x49118;0x49122;0x495C4;0x49908,door_traverse_down@0x429EE;door_traverse_left@0x428C2;door_traverse_right@0x4282C;door_traverse_up@0x42958;failed_door_post@0x427F8;forcefield_segments_setup@0x533A0,ram.mob_state_link;ram.selftest_button1_label,exact_union_match,Verified
0x904866,0x4C1D2,maze_decode@0x4C1D2,ram.maze_decomp_htype1,exact_union_match,Verified
0x904868,0x4C1DC;0x4C1FC,maze_decode@0x4C1DC;maze_decode@0x4C1FC,ram.maze_decomp_htype2,exact_union_match,Verified
0x90486A,0x4C1E8,maze_decode@0x4C1E8,ram.maze_decomp_vtype1,exact_union_match,Verified
0x90486C,0x4C1F4,maze_decode@0x4C1F4,ram.maze_decomp_vtype2,exact_union_match,Verified
0x90486E,0x44374;0x44E86;0x4B6AC;0x4C04E;0x4C0FE;0x4D8D4;0x54410,dragon_shot_hit@0x54410;level_splash@0x4C04E;level_splash@0x4C0FE;show_level_end_bonus_screen@0x4D8D4;show_level_start_screen@0x44E86;start_attract_to_game@0x44374,ram.secret_need_hint,exact_union_match,Verified
0x904870,0x48722;0x54C6C,secret_check@0x48722;secret_code_build@0x54C6C,ram.secret_prev_maze,exact_union_match,Verified
0x904872,0x48280;0x48342;0x48ED6;0x496B8;0x4989E;0x4AF60;0x4D1B2;0x5026A;0x509F2;0x51418;0x514E0;0x517AC,dragon_shot_hit@0x54430;dragon_shot_hit@0x5443E;main_start_game@0x48280;main_start_game@0x48342;player_exit_sequence@0x52B5A;player_start_inner@0x48ED6,ram.secret_tricks_flags,exact_union_match,Verified
0x904876,0x4A60A,main_move_players@0x4A60A,ram.current_player,exact_union_match,Verified
0x904877,0x52C46,player_exit_sequence@0x52C46,ram.current_player,exact_union_match,Verified
0x904878,0x43314;0x43930;0x4874A;0x4A748;0x4A750;0x4C094,level_splash@0x4C094;main_move_players@0x4A748;main_move_players@0x4A750;maze_new_level_setup@0x43930;one_time_init@0x43314;secret_check@0x4874A,ram.secret_possible_counter,exact_union_match,Verified
0x90487A,0x4331A;0x48702,one_time_init@0x4331A;secret_check@0x48702,ram.secret_possible_start,exact_union_match,Verified
0x90487C,0x54482;0x5448A;0x545E8;0x546B0;0x54764,dragon_fire_setup@0x54764;dragon_head_pose_update@0x546B0;main_handle_dragon@0x54482;main_handle_dragon@0x5448A;main_handle_dragon@0x545E8,ram.dragon_fire_cooldown,exact_union_match,Verified
0x90487E,0x438DC;0x4423A;0x449EC;0x4C47E;0x4C79E;0x4C7B6,attract_demo_init@0x449EC;dialog_first_encounter@0x4C47E;maze_new_level_setup@0x438DC;player_give_item_with_message@0x4C79E;player_give_item_with_message@0x4C7B6;start_attract_to_game@0x4423A,ram.dialog_once_flags,exact_union_match,Verified
0x90487F,0x4C474,dialog_first_encounter@0x4C474,ram.dialog_once_flags,exact_union_match,Verified
0x904880,0x54186;0x541F8;0x549DA,dragon_setup_segments@0x549DA;dragon_shot_hit@0x54186;dragon_shot_hit@0x541F8,ram.dragon_hits,exact_union_match,Verified
0x904882,0x54672;0x54B84,dragon_head_pose_update@0x54672;dragon_shot_hitbox_adjust@0x54B84,ram.dragon_head_hpos,exact_union_match,Verified
0x904884,0x546A4;0x54BAA,dragon_head_pose_update@0x546A4;dragon_shot_hitbox_adjust@0x54BAA,ram.dragon_head_vpos,exact_union_match,Verified
0x904886,0x53D4A;0x54128;0x5452A;0x54596;0x545CA;0x54604;0x5477A,dragon_fire_setup@0x5477A;dragon_head_pose_update@0x54604;dragon_shot_hit@0x54128;dragon_update_segments@0x53D4A;main_handle_dragon@0x5452A;main_handle_dragon@0x54596,ram.dragon_path_num,exact_union_match,Verified
0x90488C,0x53D24;0x54060;0x54082;0x5408C;0x546B8;0x546D6;0x546F8;0x5470A;0x5471E;0x549D2,dragon_choose_move_direction@0x54060;dragon_choose_move_direction@0x54082;dragon_choose_move_direction@0x5408C;dragon_head_pose_update@0x546B8;dragon_head_pose_update@0x546D6;dragon_head_pose_update@0x546F8,ram.dragon_move_state,exact_union_match,Verified
0x90488E,0x53D18;0x53E58;0x542BE;0x542D2;0x5435E;0x54372;0x544C4;0x54502;0x5456A;0x5461E;0x54718;0x54758,dragon_choose_move_direction@0x53E58;dragon_fire_setup@0x54758;dragon_head_pose_update@0x5461E;dragon_head_pose_update@0x54718;dragon_setup_segments@0x549CA;dragon_shot_hit@0x542BE,ram.dragon_facing,exact_union_match,Verified
0x904890,0x46FF8;0x53D1E;0x540D6;0x5413C;0x54462;0x549BC;0x54ADA,dragon_choose_move_direction@0x540D6;dragon_player_proximity@0x54ADA;dragon_setup_segments@0x549BC;dragon_shot_hit@0x5413C;dragon_update_segments@0x53D1E;main_handle_dragon@0x54462,ram.dragon_state,exact_union_match,Verified
0x904891,0x54AAA;0x54AD0,dragon_player_proximity@0x54AAA;dragon_player_proximity@0x54AD0,ram.dragon_state,exact_union_match,Verified
0x904892,0x46FF2;0x53D3C;0x540B6;0x540C0;0x540C8;0x540D0;0x54122;0x5445C;0x5476C;0x549C4;0x549FA,dragon_choose_move_direction@0x540B6;dragon_choose_move_direction@0x540C0;dragon_choose_move_direction@0x540C8;dragon_choose_move_direction@0x540D0;dragon_fire_setup@0x5476C;dragon_player_proximity@0x549FA,ram.dragon_anim_ctr,exact_union_match,Verified
0x904894,0x44ADA;0x53D70;0x53D86;0x53E52;0x541E8;0x5420C;0x54232;0x5440A;0x54468;0x544AA;0x544EA;0x54552,dragon_any_segment_near_screen@0x54B06;dragon_any_segment_near_screen@0x54B14;dragon_choose_move_direction@0x53E52;dragon_fire_setup@0x5475E;dragon_head_pose_update@0x54628;dragon_head_pose_update@0x54656,ram.dragon_seg_mob_ids,exact_union_match,Verified
0x904896,0x54288;0x54988;0x54B26,dragon_any_segment_near_screen@0x54B26;dragon_setup_segments@0x54988;dragon_shot_hit@0x54288,ram.dragon_seg_mob_ids,exact_union_match,Verified
0x904898,0x54298;0x549A4;0x549AC;0x54B38,dragon_any_segment_near_screen@0x54B38;dragon_setup_segments@0x549A4;dragon_setup_segments@0x549AC;dragon_shot_hit@0x54298,ram.dragon_seg_mob_ids,exact_union_match,Verified
0x90489A,0x542A8;0x549B6;0x54B4A,dragon_any_segment_near_screen@0x54B4A;dragon_setup_segments@0x549B6;dragon_shot_hit@0x542A8,ram.dragon_seg_mob_ids,exact_union_match,Verified
0x90489C,0x44BAA;0x529E6;0x52A38;0x52AC0;0x52AE8,main_exit_move@0x529E6;main_exit_move@0x52A38;main_exit_move@0x52AC0;main_exit_move@0x52AE8;maze_setupnew@0x44BAA,ram.ptr_exit_openclose_anim,exact_union_match,Verified
0x9048A0,0x439DC;0x43A96;0x43A9E;0x43AC6;0x43AD6;0x5E46E;0x5E526,main_walls_random_move@0x5E46E;main_walls_random_move@0x5E526;maze_new_level_setup@0x439DC;maze_new_level_setup@0x43A96;maze_new_level_setup@0x43A9E;maze_new_level_setup@0x43AC6,ram.randwall_low_watermark,exact_union_match,Verified
0x9048A2,0x439D6;0x43AA4;0x5E43E;0x5E450;0x5E478;0x5E498;0x5E4E4;0x5E4F4,main_walls_random_move@0x5E43E;main_walls_random_move@0x5E450;main_walls_random_move@0x5E478;main_walls_random_move@0x5E498;main_walls_random_move@0x5E4E4;main_walls_random_move@0x5E4F4,ram.randwall_target,exact_union_match,Verified
0x9048A4,0x43ADE;0x5E444;0x5E456;0x5E468;0x5E4FA;0x5E52E,main_walls_random_move@0x5E444;main_walls_random_move@0x5E456;main_walls_random_move@0x5E468;main_walls_random_move@0x5E4FA;main_walls_random_move@0x5E52E;maze_new_level_setup@0x43ADE,ram.randwall_current,exact_union_match,Verified
0x9048A6,0x439CC;0x43ACE;0x5E42C;0x5E436;0x5E4A4;0x5E500;0x5E514;0x5E51E,main_walls_random_move@0x5E42C;main_walls_random_move@0x5E436;main_walls_random_move@0x5E4A4;main_walls_random_move@0x5E500;main_walls_random_move@0x5E514;main_walls_random_move@0x5E51E,ram.randwall_timer,exact_union_match,Verified
0x9048A8,0x47A9C;0x47ABE;0x47ADE;0x537B4;0x53898;0x538B0;0x53CE0;0x53CF8,main_handle_shots@0x47A9C;main_handle_shots@0x47ABE;main_handle_shots@0x47ADE;player_create_shot@0x537B4;shot_reflect_calc@0x53898;shot_reflect_calc@0x538B0,ram.player_shot_last_wall_pos,exact_union_match,Verified
0x9048B0,0x4EA30;0x4EB84;0x4EB8C;0x4ECC2,main_thief_anim@0x4EA30;main_thief_anim@0x4EB84;main_thief_anim@0x4EB8C;main_thief_anim@0x4ECC2,ram.thief_direction_change_pos,exact_union_match,Verified
0x9048B2,0x40EB0;0x40EB8;0x40EC8;0x438C2;0x4B8B0;0x4B9EA,maze_new_level_setup@0x438C2;monsters_everything@0x40EB0;monsters_everything@0x40EB8;monsters_everything@0x40EC8,ram.monster_slowmo_timer,exact_union_match,Verified
0x9048B4,0x41C02;0x41E36;0x4203E;0x42272;0x4247E,player_try_move@0x41C02;player_try_move_core@0x41E36;player_try_move_core@0x4203E;player_try_move_core@0x42272;player_try_move_core@0x4247E,ram.player_deferred_move_flags,exact_union_match,Verified
0x9048BC,0x4B78C;0x4B7F0;0x4E556;0x4E560;0x4EA36;0x4EC60,main_thief_anim@0x4EA36;main_thief_anim@0x4EC60;thief_timer_set@0x4E556;thief_timer_set@0x4E560,ram.thief_speed,exact_union_match,Verified
0x9048BE,0x409AC;0x47BC2;0x4B4DE;0x53CBE,main_handle_shots@0x47BC2;resolve_shot_hit@0x4B4DE;shot_mob_collision@0x409AC;shot_reflect_calc@0x53CBE,ram.reflect_count,exact_union_match,Verified
0x9048C6,0x498D6;0x4AD06;0x4AD0C;0x4AD2E;0x4B6B4;0x4B754;0x4B766;0x4B958;0x4BB24;0x4BBD6;0x4BCB0;0x4BD04,dragon_shot_hitbox_adjust@0x54B6A;main_move_players@0x4AD06;main_move_players@0x4AD0C;main_move_players@0x4AD2E;player_tile_interact@0x511C2,ram.escape_timer,exact_union_match,Verified
0x9048C8,0x40974;0x41750;0x41C32;0x424FE;0x43390;0x43FF6;0x44B1A;0x45552;0x455DC;0x45686;0x45764;0x45A62,corner_squeeze_geometry@0x50144;demo_speech_cmd@0x4CA16;dialog_first_encounter@0x4C568;dialog_position_box@0x4CBBE;dragon_choose_move_direction@0x53EA4;dragon_fire_setup@0x547C4,ram.active_mob_ids,exact_union_match,Verified
0x9048CC,0x5E63E,main_walls_cyclic_move@0x5E63E,ram.active_mob_ids,exact_union_match,Verified
0x9048E0,0x41594;0x42744;0x433BE;0x45B92;0x4785E;0x487FE;0x4882A;0x49798;0x497D8;0x4A7F6;0x4AA7C;0x4AC30,main_handle_shots@0x4785E;main_move_players@0x4A7F6;main_move_players@0x4AA7C;main_move_players@0x4AC30;mob_collision_test@0x521B2;monsters_everything@0x41594,ram.player_powers,exact_union_match,Verified
0x9048E8,0x40920;0x40A50;0x4164C;0x41E1A;0x42022;0x42256;0x42462;0x42E1C;0x42E6E;0x4332C;0x4345E;0x4400E,character_select_input_update@0x42E1C;character_select_input_update@0x42E6E;highscore_check@0x49D2C;main_handle_shots@0x475EE;main_handle_shots@0x47652;main_handle_shots@0x4784A,ram.player_character,exact_union_match,Verified
0x9048EA,0x43332;0x43464;0x44A26,attract_demo_init@0x44A26;one_time_init@0x43332;player_resetall@0x43464,ram.player_character,exact_union_match,Verified
0x9048EC,0x4333A;0x4346C,one_time_init@0x4333A;player_resetall@0x4346C,ram.player_character,exact_union_match,Verified
0x9048EE,0x43342;0x43474,one_time_init@0x43342;player_resetall@0x43474,ram.player_character,exact_union_match,Verified
0x9048F0,0x4AC94,main_move_players@0x4AC94,ram.player_joystick,exact_union_match,Verified
0x9048F8,0x419FA;0x479D4,main_handle_shots@0x479D4;monster_find_and_shoot@0x419FA,ram.lobber_shot_vec_h,exact_union_match,Verified
0x904900,0x47A1E,main_handle_shots@0x47A1E,ram.lobber_shot_vec_v,exact_union_match,Verified
0x904908,0x4173E;0x42C6C;0x45818;0x45834;0x4598C;0x45AB4;0x46764;0x49842;0x49A14;0x4A868;0x4A886;0x4AAB2,coincheck@0x42C6C;draw_player_health@0x45AB4;draw_player_score@0x4598C;main_health_countdown@0x46764;main_move_players@0x4A868;main_move_players@0x4A886,ram.player_redraw,exact_union_match,Verified
0x90490C,0x4836A;0x48A94;0x48A9C;0x498DC;0x498E4;0x4ACDA;0x4AF66;0x5128A;0x51294;0x5139A;0x513A4;0x51442,dragon_shot_hitbox_adjust@0x54B70;dragon_shot_hitbox_adjust@0x54B78;main_move_players@0x4ACDA;main_start_game@0x4836A;player_join_finalize@0x48A94;player_join_finalize@0x48A9C,ram.idle_timer,exact_union_match,Verified
0x90490E,0x41624;0x4339E;0x459E2;0x45A0E;0x46C18;0x46C42;0x4E0BE;0x4E2A6;0x4E3CA;0x4E3E6;0x51A24;0x51A32,draw_player_health@0x459E2;draw_player_health@0x45A0E;main_health_countdown@0x46C18;main_health_countdown@0x46C42;monsters_everything@0x41624;player_add_score_with_mult@0x5216A,ram.player_bonusmult,exact_union_match,Verified
0x904916,0x40F96;0x42B4E;0x42B58;0x42B60;0x4AE2A,g2mainloop@0x42B4E;g2mainloop@0x42B58;g2mainloop@0x42B60;main_update_sound@0x4AE2A;monsters_everything@0x40F96,ram.frame_overflow,exact_union_match,Verified
0x904918,0x40392;0x42BD0;0x42BDA;0x43758;0x4424A;0x44266;0x4442C;0x4456A;0x44B3C;0x45390;0x45560;0x455E8,coincheck@0x42BD0;coincheck@0x42BDA;dialog_first_encounter@0x4C4E0;game_vblank@0x40392;handle_generate@0x492DA;main_attract@0x4456A,ram.game_mode,exact_union_match,Verified
0x90491A,0x44548;0x447B0;0x44826;0x4483C;0x4484C;0x44874;0x44882;0x44892;0x448DE;0x44904,main_attract@0x447B0;main_attract@0x44826;main_attract@0x4483C;main_attract@0x4484C;main_attract@0x44874;main_attract@0x44882,ram.attract_legend,exact_union_match,Verified
0x90491C,0x40F34;0x4370A;0x43B62;0x43B7E;0x43BA0;0x43BCC;0x43EDE;0x43FB0;0x44C32;0x45E54;0x46330;0x4BE32,level_splash@0x4BE32;main_exit_move@0x5289E;maze_addrandompickups@0x43FB0;maze_forcefield_setup@0x52FAA;maze_load_pickup_config@0x4370A;maze_new_level_setup@0x43B62,ram.level_flags,exact_union_match,Verified
0x90491D,0x40EFA;0x5E96C;0x5EB2E;0x5EB7C;0x5F048;0x5F2C0,maze_init_walls@0x5F2C0;monsters_everything@0x40EFA;pf_floor_draw_xy@0x5E96C;pf_floor_update@0x5E96C;pf_wall_draw@0x5EB2E;pf_wall_draw@0x5EB7C,ram.level_flags;ram.level_flags_2,exact_union_match,Verified
0x90491E,0x4AD34;0x4AD3C;0x5E62A,main_move_players@0x4AD34;main_move_players@0x4AD3C;main_walls_cyclic_move@0x5E62A,ram.level_flags;ram.level_flags_3,exact_union_match,Verified
0x90491F,0x41C52;0x41CFC;0x41D46;0x41E8A;0x41F30;0x41F64;0x42092;0x42138;0x42182;0x422C6;0x42370;0x423A4,calc_direction@0x51110;calc_direction@0x51148;corner_squeeze_geometry@0x500A2;get_random_maze_flags@0x436E6;maze_new_level_setup@0x439B0;maze_place_object_types@0x5E7E2,ram.level_flags;ram.level_flags_4,exact_union_match,Verified
0x904920,0x4064A;0x41DF6;0x41FFE;0x42232;0x4243E;0x42DFC;0x4469E;0x446CE;0x44718;0x47B52;0x49E24;0x4A8AA,character_select_input_update@0x42DFC;corner_squeeze_geometry@0x4FEE8;input_debounce@0x4064A;main_attract@0x4469E;main_attract@0x446CE;main_attract@0x44718,ram.player_input_raw,exact_union_match,Verified
0x904922,0x40666;0x44618;0x44648;0x44780;0x447FA,input_debounce@0x40666;main_attract@0x44618;main_attract@0x44648;main_attract@0x44780;main_attract@0x447FA,ram.player_input_raw,exact_union_match,Verified
0x904924,0x40682;0x4462C;0x4465C;0x44798;0x44812,input_debounce@0x40682;main_attract@0x4462C;main_attract@0x4465C;main_attract@0x44798;main_attract@0x44812,ram.player_input_raw,exact_union_match,Verified
0x904926,0x4069E;0x41B16;0x446B2;0x446E2;0x44730,find_unused_shot@0x41B16;input_debounce@0x4069E;main_attract@0x446B2;main_attract@0x446E2;main_attract@0x44730,ram.player_input_raw,exact_union_match,Verified
0x904928,0x40F68;0x43458;0x43FE4;0x440C8;0x440EC;0x440FA;0x44C8C;0x466FE;0x46CBE;0x48026;0x482A8;0x48508,main_exit_move@0x528AE;main_health_countdown@0x466FE;main_move_monsters@0x49048;main_move_players@0x4A6E6;main_scroll_playfield@0x46CBE;main_start_game@0x48026,ram.level_players_active,exact_union_match,Verified
0x90492A,0x47510;0x47520;0x490FE,main_handle_shots@0x47510;main_handle_shots@0x47520;monster_create_shot@0x490FE,ram.shot_timer_next,exact_union_match,Verified
0x90493A,0x47178;0x47188;0x494BA;0x494CC,main_score_update@0x47178;main_score_update@0x47188;playfield_showscore@0x494BA;playfield_showscore@0x494CC,ram.score_display_timer,exact_union_match,Verified
0x904940,0x5DCD0;0x5DFBC;0x5E0C4,insert_mob_depth_sorted@0x5DFBC;mob_depth_remove@0x5E0C4;mob_place_explosion@0x5DFBC;moblist_insert@0x5DCD0,ram.mob_depth_key;ram.score_display_timer,exact_union_match,Verified
0x904942,0x47552;0x47A82;0x47AE8;0x53CE8,main_handle_shots@0x47552;main_handle_shots@0x47A82;main_handle_shots@0x47AE8;shot_reflect_calc@0x53CE8,ram.mob_depth_key,exact_union_match,Verified
0x90497C,0x473D6;0x473EE;0x47CE8;0x47F98,main_score_update@0x473D6;main_score_update@0x473EE;shot_impact_spawn@0x47F98;tport_cycle_start@0x47CE8,ram.mob_depth_key;ram.mob_effect_anim_counter,exact_union_match,Verified
0x904980,0x42BAE;0x42BEC;0x42C0C;0x43446;0x448A8;0x455F4;0x4562C;0x457FE;0x45848;0x45A9A;0x46704;0x4841E,coincheck@0x42BAE;coincheck@0x42BEC;coincheck@0x42C0C;dragon_choose_move_direction@0x53EB6;draw_player_health@0x45A9A;main_attract@0x448A8,ram.player_health,exact_union_match,Verified
0x904984,0x42BB6;0x448B2,coincheck@0x42BB6;main_attract@0x448B2,ram.player_health,exact_union_match,Verified
0x904988,0x42BBE;0x448BC,coincheck@0x42BBE;main_attract@0x448BC,ram.player_health,exact_union_match,Verified
0x90498C,0x42BC6;0x448C6,coincheck@0x42BC6;main_attract@0x448C6,ram.player_health,exact_union_match,Verified
0x904990,0x4163C;0x43438;0x4596A;0x46A38;0x4894E;0x48B8C;0x4D596;0x4D780;0x4E56C;0x52160,draw_player_score@0x4596A;main_health_countdown@0x46A38;monsters_everything@0x4163C;player_add_score_with_mult@0x52160;player_coindrop@0x4894E;player_resetall@0x43438,ram.player_score,exact_union_match,Verified
0x9049A0,0x42CC4;0x42CD4;0x42E06;0x43382;0x44582;0x4458C;0x44930;0x4493C;0x44CAE;0x44CBA;0x44DF4;0x4552A,character_select_input_update@0x42E06;coincheck@0x42CC4;coincheck@0x42CD4;dragon_choose_move_direction@0x53EC6;highscore_check@0x49DA0;main_attract@0x44582,ram.player_status,exact_union_match,Verified
0x9049A1,0x44596;0x445A0;0x44946;0x44952;0x44CC4;0x44CD0;0x48042;0x48070;0x52E6A,main_attract@0x44596;main_attract@0x445A0;main_attract@0x44946;main_attract@0x44952;main_start_game@0x48042;main_start_game@0x48070,ram.player_status,exact_union_match,Verified
0x9049A2,0x445AA;0x445B4;0x4495C;0x44968;0x44CDA;0x44CE6;0x4803A;0x48068;0x52E74,main_attract@0x445AA;main_attract@0x445B4;main_attract@0x4495C;main_attract@0x44968;main_start_game@0x4803A;main_start_game@0x48068,ram.player_status,exact_union_match,Verified
0x9049A3,0x445BE;0x445C8;0x44970;0x4497C;0x44CF0;0x44CFC;0x48032;0x48060;0x52E7E,main_attract@0x445BE;main_attract@0x445C8;main_attract@0x44970;main_attract@0x4497C;main_start_game@0x48032;main_start_game@0x48060,ram.player_status,exact_union_match,Verified
0x9049A4,0x48DA4;0x4A604;0x522B6;0x52474;0x525D8;0x53694;0x5FE02,main_move_players@0x4A604;player_create_shot@0x53694;player_start_inner@0x48DA4;supersorc_place@0x5FE02,ram.player_facing_dir,exact_union_match,Verified
0x9049AC,0x47BF0;0x4A9A4;0x4AA30;0x4AB0C;0x4B0AA;0x5136C;0x521A2,main_handle_shots@0x47BF0;main_move_players@0x4A9A4;main_move_players@0x4AA30;main_move_players@0x4AB0C;mob_collision_test@0x521A2;player_tile_interact@0x5136C,ram.player_fighting_dir,exact_union_match,Verified
0x9049B4,0x47B90;0x47BE0;0x4A972;0x4A9C0;0x4AB90;0x4AC04,main_handle_shots@0x47B90;main_handle_shots@0x47BE0;main_move_players@0x4A972;main_move_players@0x4A9C0;main_move_players@0x4AB90;main_move_players@0x4AC04,ram.player_shooting,exact_union_match,Verified
0x9049BC,0x47BB2;0x47BD2;0x4A5FE;0x522CA;0x52488;0x525EC;0x52DA8,main_handle_shots@0x47BB2;main_handle_shots@0x47BD2;main_move_players@0x4A5FE;player_exit_sequence@0x52DA8,ram.player_anim_counter,exact_union_match,Verified
0x9049C4,0x409C6;0x47636;0x4769E;0x476D2;0x4774C;0x4778E;0x47834;0x4915C;0x4B4BC;0x4E9EC;0x4EA22;0x4FD3E,dragon_fire_setup@0x547D2;main_handle_shots@0x47636;main_handle_shots@0x4769E;main_handle_shots@0x476D2;main_handle_shots@0x4774C;main_handle_shots@0x4778E,ram.shot_direction,exact_union_match,Verified
0x9049DC,0x41762;0x41DAC;0x41DDE;0x41FB4;0x41FE6;0x421E8;0x4221A;0x423F4;0x42426;0x45872;0x458E6;0x469BA,main_health_countdown@0x469BA;main_health_countdown@0x469C4;main_move_players@0x4A6D6;main_move_players@0x4A6DE;monster_find_and_shoot@0x41762;player_exit_sequence@0x52B70,ram.it_player,exact_union_match,Verified
0x9049DE,0x4150E;0x416DA;0x44B2A;0x5DD06;0x5DD0C;0x5DE82;0x5DE8A;0x5DF12;0x5DF1A;0x5DFEE;0x5DFF4;0x5E0B6,insert_mob_depth_sorted@0x5DFEE;insert_mob_depth_sorted@0x5DFF4;maze_setupnew@0x44B2A;mob_depth_remove@0x5E0B6;mob_depth_remove@0x5E0BE;mob_place_explosion@0x5DFEE,ram.mob_depth_list_head,exact_union_match,Verified
0x9049E0,0x4396C;0x43E70;0x44AD4;0x48C10,maze_new_level_setup@0x4396C;maze_scan_objects@0x43E70;maze_setupnew@0x44AD4;player_start_inner@0x48C10,ram.maze_player_start_slot,exact_union_match,Verified
0x9049E2,0x42BA4;0x432A4;0x444B2;0x4460E;0x4463E;0x44694;0x446C4;0x453A8;0x453D0;0x45414;0x45644;0x456B0,coincheck@0x42BA4;main_attract@0x4460E;main_attract@0x4463E;main_attract@0x44694;main_attract@0x446C4;main_start_game@0x4846A,ram.two_player_mode,exact_union_match,Verified
0x9049E4,0x44244;0x449F6;0x4C462;0x4C4B2,attract_demo_init@0x449F6;dialog_first_encounter@0x4C462;dialog_first_encounter@0x4C4B2;start_attract_to_game@0x44244,ram.dialog_first_encounter_flags,exact_union_match,Verified
0x9049E8,0x44E80;0x44F32;0x4504E;0x450D4;0x45142;0x451B4;0x4D2BC;0x4D2DC;0x4D2E4;0x4D30C;0x4D456;0x52E88,main_treasure_timer@0x4D2BC;main_treasure_timer@0x4D2DC;main_treasure_timer@0x4D2E4;main_treasure_timer@0x4D30C;main_treasure_timer@0x4D456;player_exit_sequence@0x52E88,ram.treasure_timer,exact_union_match,Verified
0x9049EA,0x42B78;0x42B84,coincheck@0x42B78;coincheck@0x42B84,ram.last_coin_state,exact_union_match,Verified
0x9049EE,0x42D12;0x42DD6;0x4AD7C;0x4AE34,main_update_sound@0x4AE34;sound_play@0x4AD7C;sound_response@0x42D12;sound_system_reset@0x42DD6,ram.speech_counter,exact_union_match,Verified
0x9049F0,0x42D40;0x42D72;0x42D7C;0x42DDE,sound_response@0x42D40;sound_response@0x42D72;sound_response@0x42D7C;sound_system_reset@0x42DDE,ram.sound_queue_state,exact_union_match,Verified
0x9049F2,0x42D64;0x42D6A;0x42D96;0x42DA6,sound_response@0x42D64;sound_response@0x42D6A;sound_response@0x42D96;sound_response@0x42DA6,ram.sound_idle_timer,exact_union_match,Verified
0x9049F4,0x42D9E;0x42DAC;0x42DB2;0x42DE4,sound_response@0x42D9E;sound_response@0x42DAC;sound_response@0x42DB2;sound_system_reset@0x42DE4,ram.sound_cpu_retry_count,exact_union_match,Verified
0x9049F6,0x4021A;0x48CD0,game_vblank@0x4021A;player_start_inner@0x48CD0,ram.player_hurt_palette_offset,exact_union_match,Verified
0x9049F8,0x40262,game_vblank@0x40262,ram.player_hurt_palette_offset,exact_union_match,Verified
0x9049FA,0x402AA,game_vblank@0x402AA,ram.player_hurt_palette_offset,exact_union_match,Verified
0x9049FC,0x402F2,game_vblank@0x402F2,ram.player_hurt_palette_offset,exact_union_match,Verified
0x9049FE,0x401FA;0x48CEC,game_vblank@0x401FA;player_start_inner@0x48CEC,ram.player_power_palette_offset,exact_union_match,Verified
0x904A00,0x40242,game_vblank@0x40242,ram.player_power_palette_offset,exact_union_match,Verified
0x904A02,0x4028A,game_vblank@0x4028A,ram.player_power_palette_offset,exact_union_match,Verified
0x904A04,0x402D2,game_vblank@0x402D2,ram.player_power_palette_offset,exact_union_match,Verified
0x904A06,0x439A4;0x43A3A;0x43A48;0x528D8;0x528EC;0x528F4;0x52B2C,exit_get_id@0x52B2C;main_exit_move@0x528D8;main_exit_move@0x528EC;main_exit_move@0x528F4;maze_new_level_setup@0x439A4;maze_new_level_setup@0x43A3A,ram.exit_count,exact_union_match,Verified
0x904A08,0x43B90;0x52884,main_exit_move@0x52884;maze_new_level_setup@0x43B90,ram.exit_timer,exact_union_match,Verified
0x904A0A,0x43B9A;0x43E8C;0x52890;0x528C2;0x52908;0x52A80;0x52ACE,main_exit_move@0x52890;main_exit_move@0x528C2;main_exit_move@0x52908;main_exit_move@0x52A80;main_exit_move@0x52ACE;maze_new_level_setup@0x43B9A,ram.exit_open_id,exact_union_match,Verified
0x904A0C,0x5288A,main_exit_move@0x5288A,ram.exit_close_id,exact_union_match,Verified
0x904A0E,0x4AA12;0x4AA36;0x52492;0x5257E,main_move_players@0x4AA12;main_move_players@0x4AA36,ram.movement_blocked,exact_union_match,Verified
0x904A10,0x4DC9A;0x4DDEC;0x4DDF2;0x4DE0A;0x4DE26;0x4DE38;0x4DE4A,main_logo_updcolors@0x4DDEC;main_logo_updcolors@0x4DDF2;main_logo_updcolors@0x4DE0A;main_logo_updcolors@0x4DE26;main_logo_updcolors@0x4DE38;main_logo_updcolors@0x4DE4A,ram.logo_scroll_ptr,exact_union_match,Verified
0x904A14,0x4DC7C;0x4DCC2,main_logo_updcolors@0x4DCC2;title_logo_init@0x4DC7C,ram.logo_scroll_timer,exact_union_match,Verified
0x904A16,0x4DA70;0x4DD5A;0x4DD72;0x4DD7C;0x4DD94;0x4DD9E;0x4DDA4,main_logo_updcolors@0x4DD5A;main_logo_updcolors@0x4DD72;main_logo_updcolors@0x4DD7C;main_logo_updcolors@0x4DD94;main_logo_updcolors@0x4DD9E;main_logo_updcolors@0x4DDA4,ram.logo_color_dir,exact_union_match,Verified
0x904A18,0x44866;0x4DC72;0x4DCEE;0x4DCFA;0x4DD00;0x4DD0A,main_attract@0x44866;main_logo_updcolors@0x4DCEE;main_logo_updcolors@0x4DCFA;main_logo_updcolors@0x4DD00;main_logo_updcolors@0x4DD0A;title_logo_init@0x4DC72,ram.logo_cycle_timer,exact_union_match,Verified
0x904A1A,0x4DA66;0x4DD40;0x4DD46;0x4DD50,main_logo_updcolors@0x4DD40;main_logo_updcolors@0x4DD46;main_logo_updcolors@0x4DD50;title_logo_init@0x4DA66,ram.logo_bright_timer,exact_union_match,Verified
0x904A1C,0x4DA50;0x4DCC8,main_logo_updcolors@0x4DCC8;title_logo_init@0x4DA50,ram.logo_bright_accum,exact_union_match,Verified
0x904A1E,0x4DA60;0x4DDB6;0x4DDD0,main_logo_updcolors@0x4DDB6;main_logo_updcolors@0x4DDD0;title_logo_init@0x4DA60,ram.logo_color_cur,exact_union_match,Verified
0x904A20,0x4DA46;0x4DA56;0x4DDAC;0x4DDBC;0x4DDC6,main_logo_updcolors@0x4DDAC;main_logo_updcolors@0x4DDBC;main_logo_updcolors@0x4DDC6;title_logo_init@0x4DA46;title_logo_init@0x4DA56,ram.logo_anim_ptr,exact_union_match,Verified
0x904A24,0x40F5C;0x42C14;0x42C8A;0x42FD4;0x430A2;0x43160;0x4316A;0x431D2;0x43262;0x43282;0x43FD4;0x444C2,coincheck@0x42C14;coincheck@0x42C8A;demo_speech_cmd@0x4CB26;dialog_first_encounter@0x4C4D0;dialog_first_encounter@0x4C6CA;eeprom_load_config@0x42FD4,ram.game_settings,exact_union_match,Verified
0x904A26,0x42C5E;0x433AE;0x45604;0x45A36;0x45A50;0x46B96;0x46BA0;0x46BD4;0x4896C;0x49D82;0x49DC4;0x49DF8,coincheck@0x42C5E;draw_player_health@0x45A36;draw_player_health@0x45A50;highscore_check@0x49D82;highscore_check@0x49DC4;main_health_countdown@0x46B96,ram.player_state_timer,exact_union_match,Verified
0x904A2E,0x49D92;0x49DF2;0x54F0A;0x54FF6,highscore_check@0x49D92;player_death_sequence@0x49DF2;secret_getname@0x54F0A;secret_name_entry_update@0x54FF6,ram.name_entry_scroll_velocity,exact_union_match,Verified
0x904A36,0x49D72;0x49E8C;0x49F24;0x49F64;0x54EF2;0x5507E;0x5510C;0x5514C,highscore_check@0x49D72;player_death_sequence@0x49E8C;player_death_sequence@0x49F24;player_death_sequence@0x49F64;secret_getname@0x54EF2;secret_name_entry_update@0x5507E,ram.name_entry_repeat_delay,exact_union_match,Verified
0x904A3A,0x49CDE;0x49D66;0x49E02;0x4A2E0;0x54F18;0x55008;0x5524C,draw_player_initials_entry@0x4A2E0;highscore_check@0x49D66;highscore_table_init@0x49CDE;player_death_sequence@0x49E02;secret_getname@0x54F18;secret_name_entry_update@0x55008,ram.player_initials_buf,exact_union_match,Verified
0x904A4A,0x49D42;0x49D56;0x4A0A8;0x4A2D6,draw_player_initials_entry@0x4A2D6;highscore_check@0x49D42;highscore_check@0x49D56;player_death_sequence@0x4A0A8,ram.player_highscore_rank,exact_union_match,Verified
0x904A4E,0x44366;0x45244;0x4524E;0x45258;0x4801A;0x48AD0;0x4D2B2;0x4D50E;0x54EFE;0x54FC2;0x5518E;0x551FC,main_start_game@0x4801A;main_treasure_timer@0x4D2B2;player_join_finalize@0x48AD0;secret_getname@0x54EFE;secret_getname@0x54FC2;secret_name_entry_update@0x5518E,ram.global_ui_delay_timer,exact_union_match,Verified
0x904A50,0x48E86;0x4D57E;0x4D638;0x519F2,player_start_inner@0x48E86;show_level_end_bonus_screen@0x4D57E;show_level_end_bonus_screen@0x4D638,ram.player_treascount,exact_union_match,Verified
0x904A54,0x41DE4;0x41E06;0x41FEC;0x4200E;0x42220;0x42242;0x4242C;0x4244E;0x43402;0x47B7E;0x496D8;0x49990,main_handle_shots@0x47B7E;main_move_players@0x4A908;main_move_players@0x4A9E6;player_resetcounters@0x43402;player_tile_interact@0x51312;player_tile_interact@0x5134A,ram.player_stundelay,exact_union_match,Verified
0x904A5C,0x49458;0x4BC18,death_potion_score@0x49458,ram.death_hits,exact_union_match,Verified
0x904A5E,0x43326,one_time_init@0x43326,ram.unused_init_word_904a5e,exact_union_match,Verified
0x904A60,0x40E90;0x41526;0x4172E;0x427DC;0x427E4;0x4903C,failed_door_post@0x427DC;failed_door_post@0x427E4;main_move_monsters@0x4903C;monster_loop_core@0x41526;monster_special_handler@0x41526;monster_update_anim_tile@0x41526,ram.monster_iter_ptr,exact_union_match,Verified
0x904A62,0x40FFC;0x41566;0x41B52;0x49060,main_move_monsters@0x49060;monster_loop_core@0x40FFC;monster_shooter_in_view@0x41B52;monsters_everything@0x40FFC;monsters_everything@0x41566,ram.monster_cull_h_origin,exact_union_match,Verified
0x904A64,0x41010;0x4157A;0x41B64;0x49070,main_move_monsters@0x49070;monster_loop_core@0x41010;monster_shooter_in_view@0x41B64;monsters_everything@0x41010;monsters_everything@0x4157A,ram.monster_cull_v_origin,exact_union_match,Verified
0x904A66,0x479CA;0x49216,main_handle_shots@0x479CA;monster_create_shot@0x49216,ram.lobber_shot_h_accum,exact_union_match,Verified
0x904A6E,0x47A14;0x4922A,main_handle_shots@0x47A14;monster_create_shot@0x4922A,ram.lobber_shot_v_accum,exact_union_match,Verified
0x904A76,0x45C08;0x51E9A;0x51FF8;0x52048;0x520C6;0x52118,door_record_endpoints@0x51E9A;door_scan_horizontal_endpoints@0x520C6;door_scan_horizontal_endpoints@0x52118;door_scan_vertical_endpoints@0x51FF8;door_scan_vertical_endpoints@0x52048;main_open_doors@0x45C08,ram.door_endpoint_pos,exact_union_match,Verified
0x904A86,0x45C26;0x45CA0;0x45D24;0x45D90;0x45E14;0x51E94;0x52010;0x52060;0x520DE;0x52130,door_record_endpoints@0x51E94;door_scan_horizontal_endpoints@0x520DE;door_scan_horizontal_endpoints@0x52130;door_scan_vertical_endpoints@0x52010;door_scan_vertical_endpoints@0x52060;main_open_doors@0x45C26,ram.door_endpoint_dir,exact_union_match,Verified
0x904A96,0x4C59E;0x4C81E;0x4CA48;0x4CCDC;0x4CD02,demo_speech_cmd@0x4CA48;dialog_first_encounter@0x4C59E;main_msgbox_countdown@0x4CCDC;main_msgbox_countdown@0x4CD02;player_give_item_with_message@0x4C81E,ram.ptr_dialog_pos,exact_union_match,Verified
0x904A9A,0x4C55E;0x4C5B8;0x4C7D2;0x4CA0C;0x4CA62;0x4CC56;0x4CC68;0x4CC7A;0x4CC8C;0x4CCA0;0x4CCEA;0x4CCF4,demo_speech_cmd@0x4CA0C;demo_speech_cmd@0x4CA62;dialog_first_encounter@0x4C55E;dialog_first_encounter@0x4C5B8;dialog_position_box@0x4CC56;dialog_position_box@0x4CC68,ram.dialog_dim_H,exact_union_match,Verified
0x904A9C,0x4C550;0x4C7EA;0x4C7F4;0x4C9FE;0x4CC4C;0x4CD0A,demo_speech_cmd@0x4C9FE;dialog_first_encounter@0x4C550;dialog_position_box@0x4CC4C;main_msgbox_countdown@0x4CD0A;player_give_item_with_message@0x4C7EA;player_give_item_with_message@0x4C7F4,ram.dialog_dim_V,exact_union_match,Verified
0x904A9E,0x42AAA;0x44220;0x4422A;0x44438;0x44440;0x46B38;0x46B40;0x480CC;0x480D4;0x4AC3E;0x4C49A;0x4C4A2,demo_speech_cmd@0x4C9CC;demo_speech_cmd@0x4C9D4;demo_speech_cmd@0x4CB34;demo_speech_cmd@0x4CB3E;dialog_first_encounter@0x4C49A;dialog_first_encounter@0x4C4A2,ram.dialog_timer,exact_union_match,Verified
0x904AA0,0x4C45A;0x4C810;0x4C858;0x4C8E0;0x4C920;0x4C95A;0x4C9B8;0x4CB5C,demo_speech_cmd@0x4C9B8;dialog_first_encounter@0x4C45A;dialog_position_box@0x4CB5C;player_give_item_with_message@0x4C810;player_give_item_with_message@0x4C858;player_give_item_with_message@0x4C8E0,ram.ptr_dialog_box_x,exact_union_match,Verified
0x904AA2,0x4C454;0x4C740;0x4C9B2;0x4CB62,demo_speech_cmd@0x4C9B2;dialog_first_encounter@0x4C454;dialog_position_box@0x4CB62;player_give_item_with_message@0x4C740,ram.ptr_dialog_box_y,exact_union_match,Verified
0x904AA4,0x4C5CE;0x4C6B0;0x4C712;0x4C844;0x4C94C;0x4CA78;0x4CB0C;0x54BE8;0x54C14;0x54ED4;0x54FF0,demo_speech_cmd@0x4CA78;demo_speech_cmd@0x4CB0C;dialog_clear_message@0x4C712;dialog_first_encounter@0x4C5CE;dialog_first_encounter@0x4C6B0;player_give_item_with_message@0x4C844,ram.dialog_msg_buf,exact_union_match,Verified
0x904AC2,0x41C60;0x41E98;0x42148;0x42192;0x42382;0x423B6;0x46FC8;0x4771E,main_handle_shots@0x4771E;player_try_move_core@0x41C60;player_try_move_core@0x41E98;player_try_move_core@0x42148;player_try_move_core@0x42192;player_try_move_core@0x42382,ram.scroll_hpos_origin,exact_union_match,Verified
0x904AC4,0x41D0C;0x41D56;0x41F42;0x41F76;0x420A0;0x422D4;0x46FE0;0x4772C;0x5E5B4;0x5E60C,main_handle_shots@0x4772C;player_try_move_core@0x41D0C;player_try_move_core@0x41D56;player_try_move_core@0x41F42;player_try_move_core@0x41F76;player_try_move_core@0x420A0,ram.scroll_vpos_origin,exact_union_match,Verified
0x904AC6,0x4437A;0x48020;0x4859C;0x48692;0x48760,main_start_game@0x48020;main_start_game@0x4859C;main_start_game@0x48692;speech_welcome@0x48760;start_attract_to_game@0x4437A,ram.welcome_elapsed_frames,exact_union_match,Verified
0x904ACA,0x42C40;0x487D8;0x488A4;0x4897A;0x51D2C,coincheck@0x42C40;player_coindrop@0x4897A;player_lowhealth@0x487D8;player_lowhealth@0x488A4,ram.player_lowhealth_spoken,exact_union_match,Verified
0x904ACE,0x42C4E;0x467C2;0x467D2;0x487EA;0x488B2;0x48988,coincheck@0x42C4E;main_health_countdown@0x467C2;main_health_countdown@0x467D2;player_coindrop@0x48988;player_lowhealth@0x487EA;player_lowhealth@0x488B2,ram.player_respawn_speech_timer,exact_union_match,Verified
0x904AD6,0x48E7A;0x49852;0x50E92;0x50ED0;0x50EE6;0x50FBE,player_damage_sample_update@0x50E92;player_damage_sample_update@0x50ED0;player_damage_sample_update@0x50EE6;player_damage_sample_update@0x50FBE;player_start_inner@0x48E7A,ram.player_pending_damage,exact_union_match,Verified
0x904ADE,0x48E6C;0x50E46,player_damage_sample_update@0x50E46;player_start_inner@0x48E6C,ram.player_damage_total,exact_union_match,Verified
0x904AE6,0x48EB8;0x50E40,player_damage_sample_update@0x50E40;player_start_inner@0x48EB8,ram.player_damage_sample_timer,exact_union_match,Verified
0x904AEE,0x48E5C;0x50E70;0x50F1C;0x50F30;0x50F74;0x50F9E,player_damage_sample_update@0x50E70;player_damage_sample_update@0x50F1C;player_damage_sample_update@0x50F30;player_damage_sample_update@0x50F74;player_damage_sample_update@0x50F9E;player_start_inner@0x48E5C,ram.player_damage_sample_count,exact_union_match,Verified
0x904AF6,0x48B14;0x48B2A;0x51AEC;0x51AFA;0x51B06;0x51B5C;0x51B70,player_join_finalize@0x48B14;player_join_finalize@0x48B2A,ram.player_eatcount,exact_union_match,Verified
0x904AFA,0x49AA4,player_hurt_speech_timer@0x49AA4,ram.hurt_speech_timer,exact_union_match,Verified
0x904B02,0x47568;0x47578;0x475D4;0x47618;0x477EC;0x4917C;0x536B0;0x5480E;0x548A4,dragon_fire_setup@0x5480E;dragon_fire_setup@0x548A4;main_handle_shots@0x47568;main_handle_shots@0x47578;main_handle_shots@0x475D4;main_handle_shots@0x47618,ram.shot_anim_lifetime_counter,exact_union_match,Verified
0x904B1A,0x46A1C;0x49D1E;0x4A07E;0x4A36C,draw_player_initials_entry@0x4A36C;highscore_check@0x49D1E;main_health_countdown@0x46A1C;player_death_sequence@0x4A07E,ram.player_scorepercoin,exact_union_match,Verified
0x904B2A,0x42BFE;0x42C7C;0x456D2;0x46A26;0x46AA4;0x4842E;0x4895C;0x48B7E;0x4D56C;0x4D76C;0x4E57E,coincheck@0x42BFE;coincheck@0x42C7C;main_health_countdown@0x46A26;main_health_countdown@0x46AA4;main_start_game@0x4842E;player_coindrop@0x4895C,ram.player_coincount,exact_union_match,Verified
0x904B32,0x48118;0x48AF8;0x48E40;0x52E92,main_start_game@0x48118;player_exit_sequence@0x52E92;player_join_finalize@0x48AF8;player_start_inner@0x48E40,ram.player_onlevel,exact_union_match,Verified
0x904B3A,0x48E52;0x49A50,death_damage_accumulate@0x49A50;player_start_inner@0x48E52,ram.player_death_damage_counter,exact_union_match,Verified
0x904B42,0x466A2;0x466CC;0x48EA6;0x495B6;0x51308;0x51340,main_handle_death@0x466A2;main_handle_death@0x466CC;monster_playerhit@0x495B6;player_start_inner@0x48EA6;player_tile_interact@0x51308;player_tile_interact@0x51340,ram.death_touch_timer,exact_union_match,Verified
0x904B4A,0x46660;0x46688;0x48E94;0x4AAC2,main_handle_death@0x46660;main_handle_death@0x46688;main_move_players@0x4AAC2;player_start_inner@0x48E94,ram.ff_hurt_timer,exact_union_match,Verified
0x904B52,0x455BA;0x480F2;0x4A760;0x4D8EC;0x52DD0;0x52DD6;0x52DE0;0x52E38;0x52E42;0x52E98,main_move_players@0x4A760;main_start_game@0x480F2;player_exit_sequence@0x52DD0;player_exit_sequence@0x52DD6;player_exit_sequence@0x52DE0;player_exit_sequence@0x52E38,ram.level_next,exact_union_match,Verified
0x904B54,0x469F6;0x480FC;0x4D8E2;0x52DE8;0x52E08;0x52E18;0x52E4A;0x52ED2,main_health_countdown@0x469F6;main_start_game@0x480FC;maze_checknum@0x52ED2;player_exit_sequence@0x52DE8;player_exit_sequence@0x52E08;player_exit_sequence@0x52E18,ram.maze_next,exact_union_match,Verified
0x904B56,0x44166;0x44192;0x4F628;0x51998;0x54418,dragon_shot_hit@0x54418;maze_addrandompickups@0x44166;maze_addrandompickups@0x44192;thief_remove_and_drop_loot@0x4F628,ram.special_bonus_score,exact_union_match,Verified
0x904B58,0x44356;0x44A16;0x44B5E;0x48166;0x4821A;0x4856C;0x4864C;0x4A156;0x4CD6C;0x4CD7E,attract_demo_init@0x44A16;attract_highscores@0x4A156;load_legend_page@0x4CD6C;load_legend_page@0x4CD7E;main_start_game@0x48166;main_start_game@0x4821A,ram.playfield_palette_index,exact_union_match,Verified
0x904B5A,0x4434C;0x44A0C;0x44B6C;0x4815C;0x48210;0x48562;0x48642;0x4A14C;0x4CD74,attract_demo_init@0x44A0C;attract_highscores@0x4A14C;load_legend_page@0x4CD74;main_start_game@0x4815C;main_start_game@0x48210;main_start_game@0x48562,ram.playfield_special_variant,exact_union_match,Verified
0x904B5C,0x43634;0x44ACE;0x5E9B4,init_display@0x43634;maze_setupnew@0x44ACE;pf_floor_draw_xy@0x5E9B4;pf_floor_update@0x5E9B4,ram.floorpattern,exact_union_match,Verified
0x904B5E,0x4349C;0x44B8C;0x44C52;0x44C5E;0x46018;0x46024;0x46422;0x4642E;0x530C2;0x5E960;0x5ED20;0x5F222,init_display@0x4349C;maze_place_object@0x46018;maze_place_object@0x46024;maze_setupnew@0x44B8C;maze_setupnew@0x44C52;maze_setupnew@0x44C5E,ram.wallpattern,exact_union_match,Verified
0x904B60,0x4448E;0x4449E,start_attract_screen@0x4448E;start_attract_screen@0x4449E,ram.attract_count,exact_union_match,Verified
0x904B66,0x44A5C;0x47032;0x47B62;0x4A568;0x4A8F8;0x506AC,attract_demo_init@0x44A5C;main_handle_potions@0x47032;main_handle_shots@0x47B62;main_move_players@0x4A568;main_move_players@0x4A8F8;tport_player_move@0x506AC,ram.demo_ptr,exact_union_match,Verified
0x904B6A,0x44A38;0x44A42,attract_demo_init@0x44A38;attract_demo_init@0x44A42,ram.demo_ptr,exact_union_match,Verified
0x904B6E,0x44A50,attract_demo_init@0x44A50,ram.demo_ptr,exact_union_match,Verified
0x904B72,0x44A56,attract_demo_init@0x44A56,ram.demo_ptr,exact_union_match,Verified
0x904B76,0x44A70;0x4A562,attract_demo_init@0x44A70;main_move_players@0x4A562,ram.demo_timer,exact_union_match,Verified
0x904B77,0x44A48,attract_demo_init@0x44A48,ram.demo_timer,exact_union_match,Verified
0x904B78,0x44A64,attract_demo_init@0x44A64,ram.demo_timer,exact_union_match,Verified
0x904B79,0x44A6A,attract_demo_init@0x44A6A,ram.demo_timer,exact_union_match,Verified
0x904B7A,0x44A76;0x492D4,attract_demo_init@0x44A76;handle_generate@0x492D4,ram.monster_generation_retry_timer,exact_union_match,Verified
0x904B7C,0x4436C;0x44420;0x44570;0x44CA2;0x46B58;0x46B62;0x480C6;0x484DE,main_attract@0x44570;main_health_countdown@0x46B58;main_health_countdown@0x46B62;main_start_game@0x480C6;main_start_game@0x484DE;show_continue_prompt@0x44CA2,ram.attract_timer,exact_union_match,Verified
0x904B7E,0x43320;0x43F8E;0x43FA6;0x4853C;0x4854A;0x4861E;0x4862A;0x4A76C;0x4A774;0x4BE4A,level_splash@0x4BE4A;main_move_players@0x4A76C;main_move_players@0x4A774;main_start_game@0x4853C;main_start_game@0x4854A;main_start_game@0x4861E,ram.level_next_potion,exact_union_match,Verified
0x904B80,0x438FC;0x44E92;0x44EAC;0x4A77A;0x4A782,main_move_players@0x4A77A;main_move_players@0x4A782;maze_new_level_setup@0x438FC;show_level_start_screen@0x44E92;show_level_start_screen@0x44EAC,ram.level_next_treasure,exact_union_match,Verified
0x904B82,0x44426;0x44DA2;0x4DC82,show_continue_prompt@0x44DA2;start_attract_screen@0x44426;title_logo_init@0x4DC82,ram.title_intro_state,exact_union_match,Verified
0x904B84,0x439AA;0x43A0A;0x43A1A;0x4E7E6;0x5039A,maze_new_level_setup@0x439AA;maze_new_level_setup@0x43A0A;maze_new_level_setup@0x43A1A;player_tport@0x5039A;tport_find_id@0x4E7E6,ram.level_tport_count,exact_union_match,Verified
0x904B86,0x43070;0x43076;0x43080;0x431C8;0x43258;0x46A64;0x46A6A;0x46A90;0x49DAC;0x49DB6,eeprom_load_config@0x43070;eeprom_load_config@0x43076;eeprom_load_config@0x43080;eeprom_periodic_write@0x43258;eeprom_write@0x431C8;highscore_check@0x49DAC,ram.games_played_counter,exact_union_match,Verified
0x904B88,0x40CBC;0x4390A;0x43938;0x45216;0x48550;0x48630;0x4C084,find_maze@0x40CBC;level_splash@0x4C084;main_start_game@0x48550;main_start_game@0x48630;maze_new_level_setup@0x4390A;maze_new_level_setup@0x43938,ram.ptr_maze_data,exact_union_match,Verified
0x904B8C,0x40CEA;0x40D1C;0x40D46;0x40D70;0x4382E;0x43888,maze_init@0x40D1C;maze_select_alt_bank@0x40CEA;maze_select_bank@0x40D46;maze_select_bank_special@0x40D70;slapstic_cmd_bitwise@0x4382E;slapstic_cmd_bitwise@0x43888,ram.maze_slapstic_cmd_offset,exact_union_match,Verified
0x904B8E,0x42F8E;0x43196;0x431DE;0x4320C,eeprom_load_config@0x42F8E;eeprom_periodic_write@0x4320C;eeprom_write@0x43196;eeprom_write@0x431DE,ram.eeprom_cache_stat1,exact_union_match,Verified
0x904B8F,0x4321E,eeprom_periodic_write@0x4321E,ram.eeprom_cache_stat2,exact_union_match,Verified
0x904B90,0x43230,eeprom_periodic_write@0x43230,ram.eeprom_cache_stat3,exact_union_match,Verified
0x904B91,0x43242,eeprom_periodic_write@0x43242,ram.eeprom_cache_stat4,exact_union_match,Verified
0x904B92,0x43252,eeprom_periodic_write@0x43252,ram.eeprom_cache_stats,exact_union_match,Verified
0x904B94,0x43268,eeprom_periodic_write@0x43268,ram.eeprom_cache_settings,exact_union_match,Verified
0x904B98,0x4E4C2;0x4E640;0x4E8AC;0x50880;0x50898;0x508B2;0x50ACE,thief_setup@0x4E4C2;thief_test_move_tile@0x4E8AC;thief_track_victim_move@0x4E640;tport_player_move@0x50880;tport_player_move@0x50898;tport_player_move@0x508B2,ram.thief_victim_pos,exact_union_match,Verified
0x904B9A,0x438D0;0x46B70;0x4DF74;0x4E0EC;0x4E10A;0x4E49E;0x4E4AA;0x4E4E6;0x4E646;0x4EBC0;0x4EC00;0x4EC10,main_health_countdown@0x46B70;main_start_thief@0x4DF74;main_thief_anim@0x4EBC0;main_thief_anim@0x4EC00;main_thief_anim@0x4EC10;maze_new_level_setup@0x438D0,ram.thief_victim,exact_union_match,Verified
0x904B9C,0x4DF10;0x4ECB2;0x4ECC8;0x4ED1A;0x4ED64;0x4ED7E;0x4EDCA;0x4EDDC;0x4F86A;0x4F8DA;0x4FD4A,main_start_thief@0x4DF10;main_thief_anim@0x4ECB2;main_thief_anim@0x4ECC8;main_thief_anim@0x4ED1A;main_thief_anim@0x4ED64;main_thief_anim@0x4ED7E,ram.thief_direction,exact_union_match,Verified
0x904B9E,0x438CA;0x4D4C8;0x4DEC0;0x4E166;0x4E440;0x4E4F2;0x4E620;0x4E8F6,main_start_thief@0x4DEC0;main_thief_anim@0x4E8F6;maze_new_level_setup@0x438CA;show_level_end_bonus_screen@0x4D4C8;thief_exit@0x4E166;thief_setup@0x4E440,ram.thief_enter_time,exact_union_match,Verified
0x904BA0,0x4B7B4;0x4DF06;0x4E126;0x4E176;0x4E1BC;0x4E20A;0x4E458;0x4E4E0;0x4E8EA,main_start_thief@0x4DF06;main_thief_anim@0x4E8EA;thief_begin_dodge@0x4E1BC;thief_end_dodge@0x4E176;thief_exit@0x4E126;thief_setup@0x4E458,ram.thief_mode,exact_union_match,Verified
0x904BA1,0x4A6F0;0x4A702;0x4B798;0x4B7C0;0x4DFC0;0x4F604;0x4F788;0x4F7A2;0x4FAF4;0x4FB34;0x4FC52;0x51000,main_move_players@0x4A6F0;main_move_players@0x4A702;main_start_thief@0x4DFC0;path_grid_get_direction@0x5105A;path_grid_set_high_direction_if_empty@0x51000;thief_enter_tport@0x4FAF4,ram.thief_mode,exact_union_match,Verified
0x904BA2,0x47260;0x4E144;0x4E15A;0x4E194;0x4E1AA;0x4E1DA;0x4E1F0;0x4E84A;0x4EBA0;0x4F940;0x4FBC2;0x4FBEA,corner_squeeze_geometry@0x4FEC2;main_score_update@0x47260;main_thief_anim@0x4EBA0;thief_begin_dodge@0x4E1DA;thief_begin_dodge@0x4E1F0;thief_compute_path@0x4F940,ram.thief_previous_pos,exact_union_match,Verified
0x904BA4,0x438D6;0x4716C;0x4A6FA;0x4D4D0;0x4DECC;0x4DF8C;0x4E12C;0x4E14A;0x4E17C;0x4E19A;0x4E1C2;0x4E1E0,main_exit_move@0x52960;main_move_players@0x4A6FA;main_score_update@0x4716C;main_start_thief@0x4DECC;main_start_thief@0x4DF8C;main_thief_anim@0x4E8E4,ram.thief_current_pos,exact_union_match,Verified
0x904BA6,0x4DF92;0x4E15A;0x4E1AA;0x4E1F0;0x4E80C;0x4EA40;0x4EA4A;0x4EA78;0x4EC68;0x4EC82;0x4F582;0x4F940,corner_squeeze_geometry@0x4FFF8;main_start_thief@0x4DF92;main_thief_anim@0x4EA40;main_thief_anim@0x4EA4A;main_thief_anim@0x4EA78;main_thief_anim@0x4EC68,ram.thief_next_pos,exact_union_match,Verified
0x904BA8,0x4416E;0x4428E;0x4A70C;0x4A742;0x4EC3A,main_move_players@0x4A70C;main_move_players@0x4A742;main_thief_anim@0x4EC3A;maze_addrandompickups@0x4416E;start_attract_to_game@0x4428E,ram.mugger_item_nextlevel,exact_union_match,Verified
0x904BAC,0x4417E;0x4418A;0x44198;0x44280;0x4A718;0x4A734;0x4EC46,main_move_players@0x4A718;main_move_players@0x4A734;main_thief_anim@0x4EC46;maze_addrandompickups@0x4417E;maze_addrandompickups@0x4418A;maze_addrandompickups@0x44198,ram.thief_item_nextlevel,exact_union_match,Verified
0x904BB0,0x44288;0x4A70C;0x4A73A;0x4B7CA;0x4E262;0x4E452;0x4EBDC;0x4EC3A;0x4F614,main_move_players@0x4A70C;main_move_players@0x4A73A;main_thief_anim@0x4EBDC;main_thief_anim@0x4EC3A;start_attract_to_game@0x44288;thief_remove_and_drop_loot@0x4F614,ram.mugger_item_carried,exact_union_match,Verified
0x904BB2,0x4F60E,thief_remove_and_drop_loot@0x4F60E,ram.mugger_item_carried,exact_union_match,Verified
0x904BB4,0x4427A;0x4A718;0x4A724;0x4B7D2;0x4E210;0x4E448;0x4EBEE;0x4EC46;0x4F5D8,main_move_players@0x4A718;main_move_players@0x4A724;main_thief_anim@0x4EBEE;main_thief_anim@0x4EC46;start_attract_to_game@0x4427A;thief_remove_and_drop_loot@0x4F5D8,ram.thief_item_carried,exact_union_match,Verified
0x904BB8,0x4DF9C;0x4ED02;0x4F546;0x4F5B0;0x4F74E,main_start_thief@0x4DF9C;main_thief_anim@0x4ED02;thief_handle_tile_collision@0x4F74E;thief_move_engine@0x4F546;thief_move_engine@0x4F5B0,ram.thief_collision_direction_code,exact_union_match,Verified
0x904BBA,0x4DEDC;0x4E4BC;0x4EB9A;0x4EBAC,main_start_thief@0x4DEDC;main_thief_anim@0x4EB9A;main_thief_anim@0x4EBAC;thief_setup@0x4E4BC,ram.thief_start_location,exact_union_match,Verified
0x904BBC,0x4E288;0x4E916;0x4E92C;0x4E94C;0x4E952;0x4E99C;0x4ED0A;0x4ED6E;0x4F754,main_thief_anim@0x4E916;main_thief_anim@0x4E92C;main_thief_anim@0x4E94C;main_thief_anim@0x4E952;main_thief_anim@0x4E99C;main_thief_anim@0x4ED0A,ram.thief_stolen_item,exact_union_match,Verified
0x904BBE,0x4ECDC;0x4F54C;0x4FC08,main_thief_anim@0x4ECDC;thief_move_engine@0x4F54C;thief_start_tport_anim@0x4FC08,ram.thief_tport_active,exact_union_match,Verified
0x904BC0,0x4D336;0x4D366;0x4D36E;0x4D3C6;0x4D40A;0x4D4D6,main_treasure_timer@0x4D336;main_treasure_timer@0x4D366;main_treasure_timer@0x4D36E;main_treasure_timer@0x4D3C6;main_treasure_timer@0x4D40A;show_level_end_bonus_screen@0x4D4D6,ram.treasure_announcement_delay,exact_union_match,Verified
0x904BC2,0x4D2AC,main_treasure_timer@0x4D2AC,ram.treasure_voice_set,exact_union_match,Verified
0x904BC4,0x50626;0x5095C;0x50BA8;0x52CF8,player_exit_sequence@0x52CF8;tport_player_flash@0x50626;tport_player_move@0x5095C;tport_restore_player_picture@0x50BA8,ram.tport_saved_picture,exact_union_match,Verified
0x904BCC,0x471F6;0x4723A,main_score_update@0x471F6;main_score_update@0x4723A,ram.tport_saved_mob_state,exact_union_match,Verified
0x904BCE,0x4340E;0x46D30;0x472E0;0x472F4;0x47368;0x48A20;0x48EC8;0x4A7E2;0x4CB74;0x4F010;0x4F186;0x4F2F2,corner_squeeze_geometry@0x500F8;corner_squeeze_geometry@0x50176;corner_squeeze_geometry@0x501AE;dialog_position_box@0x4CB74;main_move_players@0x4A7E2;main_score_update@0x472E0,ram.player_tport_phase,exact_union_match,Verified
0x904BD0,0x5010A;0x501C0;0x50422,corner_squeeze_geometry@0x5010A;corner_squeeze_geometry@0x501C0;player_tport@0x50422,ram.player_tport_phase,exact_union_match,Verified
0x904BD2,0x5011C;0x501D2;0x5043C,corner_squeeze_geometry@0x5011C;corner_squeeze_geometry@0x501D2;player_tport@0x5043C,ram.player_tport_phase,exact_union_match,Verified
0x904BD4,0x5012E;0x501E4;0x50456,corner_squeeze_geometry@0x5012E;corner_squeeze_geometry@0x501E4;player_tport@0x50456,ram.player_tport_phase,exact_union_match,Verified
0x904BD6,0x471CE;0x47258;0x4DFA2;0x4E900;0x4F662;0x4F6A0;0x4FC24,main_score_update@0x471CE;main_score_update@0x47258;main_start_thief@0x4DFA2;main_thief_anim@0x4E900;thief_remove_and_drop_loot@0x4F662;thief_remove_and_drop_loot@0x4F6A0,ram.tport_frame_counter,exact_union_match,Verified
0x904BD7,0x471DA,main_score_update@0x471DA,ram.tport_frame_counter,exact_union_match,Verified
0x904BD8,0x46D58;0x4CB82;0x500F0;0x50182;0x501A6;0x50400;0x50600;0x50768;0x50836;0x50A86,corner_squeeze_geometry@0x500F0;corner_squeeze_geometry@0x50182;corner_squeeze_geometry@0x501A6;dialog_position_box@0x4CB82;main_scroll_playfield@0x46D58;player_tport@0x50400,ram.player_tile_or_tport_dest,exact_union_match,Verified
0x904BDA,0x50102;0x501B8;0x5041A,corner_squeeze_geometry@0x50102;corner_squeeze_geometry@0x501B8;player_tport@0x5041A,ram.player_tile_or_tport_dest,exact_union_match,Verified
0x904BDC,0x50114;0x501CA;0x50434,corner_squeeze_geometry@0x50114;corner_squeeze_geometry@0x501CA;player_tport@0x50434,ram.player_tile_or_tport_dest,exact_union_match,Verified
0x904BDE,0x50126;0x501DC;0x5044E,corner_squeeze_geometry@0x50126;corner_squeeze_geometry@0x501DC;player_tport@0x5044E,ram.player_tile_or_tport_dest,exact_union_match,Verified
0x904BE0,0x471EC;0x4721C;0x4F66A;0x4F678;0x4FC2A,main_score_update@0x471EC;main_score_update@0x4721C;thief_remove_and_drop_loot@0x4F66A;thief_remove_and_drop_loot@0x4F678;thief_start_tport_anim@0x4FC2A,ram.tport_transition_mob,exact_union_match,Verified
0x904BE2,0x5015C;0x503F8;0x504BE;0x50514;0x5067E,corner_squeeze_geometry@0x5015C;player_tport@0x503F8;player_tport@0x504BE;player_tport@0x50514;tport_player_move@0x5067E,ram.player_tport_type,exact_union_match,Verified
0x904BE4,0x50412,player_tport@0x50412,ram.player_tport_type,exact_union_match,Verified
0x904BE6,0x5042C,player_tport@0x5042C,ram.player_tport_type,exact_union_match,Verified
0x904BE8,0x50446,player_tport@0x50446,ram.player_tport_type,exact_union_match,Verified
0x904BEA,0x4FEDA;0x50238;0x506CA;0x5086C,corner_squeeze_geometry@0x4FEDA;player_tport@0x50238;tport_player_move@0x506CA;tport_player_move@0x5086C,ram.player_tport_route_state,exact_union_match,Verified
0x904BF2,0x41C22;0x41D9E;0x41E70;0x41FA6;0x42078;0x421DA;0x422AC;0x423E6;0x424B8;0x42752;0x4AA0A;0x522A4,main_exit_move@0x5293C;main_move_players@0x4AA0A;player_exit_sequence@0x52C3E;player_try_move@0x41C22;player_try_move_core@0x41D9E;player_try_move_core@0x41E70,ram.movement_type,exact_union_match,Verified
0x904BFC,0x5FC46;0x5FC4E,getrandom@0x5FC4E;random_word@0x5FC46,ram.random_seed,exact_union_match,Verified
0x904C00,0x401CA,game_vblank@0x401CA,ram.vblank_abort_guard,exact_union_match,Verified
0x904FEC,0x42B72;0x42B84,coincheck@0x42B72;coincheck@0x42B84,ram.coin_counters,exact_union_match,Verified
0x904FF0,0x469A2,main_health_countdown@0x469A2,ram.coin_totals,exact_union_match,Verified
0x904FF4,0x469AA,main_health_countdown@0x469AA,ram.coin_pending,exact_union_match,Verified
0x905000,0x44F44;0x4526E;0x4529E;0x452F2;0x4CD3C;0x4D150;0x4D4EA;0x5FD40,alpha_clear_rect@0x4D150;display_state_clear@0x5FD40;load_legend_page@0x4CD3C;maze_hide@0x4529E;maze_show@0x4526E;setup_infopanel@0x452F2,vram.alpha,exact_union_match,Verified
0x90503A,0x4548A,setup_infopanel@0x4548A,vram.alpha,exact_union_match,Verified
0x90503E,0x459D6,draw_player_health@0x459D6,vram.alpha,exact_union_match,Verified
0x905048,0x4588E;0x45924,player_it_label_clear@0x45924;player_it_label_set@0x4588E,ram.hud_mob_table;vram.alpha,exact_union_match,Verified
0x905054,0x50FDC;0x51014;0x51044,path_grid_get_direction@0x51044;path_grid_set_high_direction_if_empty@0x51014;path_grid_set_low_direction@0x50FDC,ram.hud_mob_table;ram.path_direction_grid;vram.alpha,exact_union_match,Verified
0x905C54,0x51082;0x510C4,tport_route_read_pair@0x510C4;tport_route_write_pair@0x51082,ram.tport_route_forward,exact_union_match,Verified
0x905D54,0x510A2;0x510E4,tport_route_read_pair@0x510E4;tport_route_write_pair@0x510A2,ram.tport_route_reverse,exact_union_match,Verified
0x905F00,0x40226;0x48CC0;0x48D2E,player_start_inner@0x48CC0;player_start_inner@0x48D2E,ram.player_hurt_palette_stubs,exact_union_match,Verified
0x905F06,0x4026E,game_vblank@0x4026E,ram.player_hurt_palette_stubs,exact_union_match,Verified
0x905F0C,0x402B6,game_vblank@0x402B6,ram.player_hurt_palette_stubs,exact_union_match,Verified
0x905F12,0x402FE,game_vblank@0x402FE,ram.player_hurt_palette_stubs,exact_union_match,Verified
0x905F18,0x40206;0x48CAE;0x48D0A,player_start_inner@0x48CAE;player_start_inner@0x48D0A,ram.player_power_palette_stubs,exact_union_match,Verified
0x905F1E,0x4024E,game_vblank@0x4024E,ram.player_power_palette_stubs,exact_union_match,Verified
0x905F24,0x40296,game_vblank@0x40296,ram.player_power_palette_stubs,exact_union_match,Verified
0x905F2A,0x402DE,game_vblank@0x402DE,ram.player_power_palette_stubs,exact_union_match,Verified
0x905F30,0x401DE;0x49782;0x4AAFC;0x4B0B8;0x4B164;0x4B2EC;0x4F85A;0x5137A,game_vblank@0x401DE;main_move_players@0x4AAFC;player_tile_interact@0x5137A;resolve_shot_hit@0x4B0B8;resolve_shot_hit@0x4B164;resolve_shot_hit@0x4B2EC,ram.hurt_cooldown,exact_union_match,Verified
0x905F38,0x433DA;0x4A814;0x517FE;0x51826,main_move_players@0x4A814;player_resetcounters@0x433DA,ram.reflect_timer,exact_union_match,Verified
0x905F40,0x433E8;0x45A78;0x4674E;0x49716;0x497EE;0x499A0;0x49AFA;0x4A82C;0x4A874;0x4AA50;0x4B05E;0x4B0CE,draw_player_health@0x45A78;main_health_countdown@0x4674E;main_move_players@0x4A82C;main_move_players@0x4A874;main_move_players@0x4AA50;player_hurt_speech_timer@0x49AFA,ram.acid_timer,exact_union_match,Verified
0x905F48,0x4A892;0x4A8B8;0x51668;0x516DA;0x51BF2;0x51C62;0x51CD4,main_move_players@0x4A892;main_move_players@0x4A8B8,ram.stun_timer,exact_union_match,Verified
0x905F50,0x433CC;0x4A7FC;0x4AC46;0x517CE,main_move_players@0x4A7FC;main_move_players@0x4AC46;player_resetcounters@0x433CC,ram.invis_timer,exact_union_match,Verified
0x905F58,0x40652;0x4701E;0x48402;0x49F72;0x4A0E0;0x5515A;0x55414,input_debounce@0x40652;main_handle_potions@0x4701E;main_start_game@0x48402;player_death_sequence@0x49F72;player_death_sequence@0x4A0E0;secret_name_entry_update@0x5515A,ram.debounce_shift_magic,exact_union_match,Verified
0x905F5A,0x4066E,input_debounce@0x4066E,ram.debounce_shift_magic,exact_union_match,Verified
0x905F5C,0x4068A,input_debounce@0x4068A,ram.debounce_shift_magic,exact_union_match,Verified
0x905F5E,0x406A6,input_debounce@0x406A6,ram.debounce_shift_magic,exact_union_match,Verified
0x905F60,0x4065A;0x49F8E;0x4A0EA;0x55176;0x5541E,input_debounce@0x4065A;player_death_sequence@0x49F8E;player_death_sequence@0x4A0EA;secret_name_entry_update@0x55176;secret_name_entry_update@0x5541E,ram.debounce_shift_fire,exact_union_match,Verified
0x905F62,0x40676,input_debounce@0x40676,ram.debounce_shift_fire,exact_union_match,Verified
0x905F64,0x40692,input_debounce@0x40692,ram.debounce_shift_fire,exact_union_match,Verified
0x905F66,0x406AE,input_debounce@0x406AE,ram.debounce_shift_fire,exact_union_match,Verified
0x905F68,0x433F4;0x48300;0x48318;0x4B002;0x4B114;0x4B73A;0x4B7A6;0x4B818;0x4B93A;0x4BAA6;0x4BB06;0x4BB7A,main_start_game@0x48300;main_start_game@0x48318;player_create_shot@0x537F8;player_create_shot@0x53804;player_exit_sequence@0x52BA4;player_resetcounters@0x433F4,ram.player_supershot,exact_union_match,Verified
0x905F6D,0x48306;0x4D89A,main_start_game@0x48306;show_level_end_bonus_screen@0x4D89A,ram.secret_saved_supershot,exact_union_match,Verified
0x905F6E,0x4019C,game_vblank@0x4019C,vram.pf_vscroll_reg,exact_union_match,Verified
0x905F80,0x40FA6;0x414C8;0x414E8;0x41536;0x416FA;0x41718;0x44B00;0x490A0;0x4D9DA;0x5DCCA;0x5DEA4;0x5DF34,display_state_clear@0x5FD14;insert_mob_depth_sorted@0x5DFB6;main_move_monsters@0x490A0;maze_setupnew@0x44B00;mob_depth_remove@0x5E0E0;mob_place_explosion@0x5DFB6,ram.priority_bucket_heads,exact_union_match,Verified
0x905F82,0x4908E;0x490C0,main_move_monsters@0x4908E;main_move_monsters@0x490C0,ram.priority_bucket_heads_tail,exact_union_match,Verified
