start,end_inclusive,size_bytes,classification,rom_flags,catalog_rows,confidence
0x40000,0x40029,42,analyzed_code,,,Verified
0x4002A,0x4002F,6,named_rom_range,game.startup_hook2_slot,,Verified
0x40030,0x40035,6,analyzed_code,,,Verified
0x40036,0x4003B,6,named_rom_range,game.startup_hook1_slot,,Verified
0x4003C,0x40041,6,named_rom_range,game.startup_hook3_slot,,Verified
0x40042,0x40047,6,named_rom_range,game.vblank_hook_slot,,Verified
0x40048,0x4004D,6,analyzed_code,,,Verified
0x4004E,0x40053,6,named_rom_range,game.post_attract_hook_slot,,Verified
0x40054,0x40059,6,analyzed_code,,,Verified
0x4005A,0x4005F,6,named_rom_range,game.header_ff_pad_4005a,,Verified
0x40060,0x40061,2,named_rom_range,game.mob_fill_value,,Verified
0x40062,0x40063,2,named_rom_range,game.pf_fill_value,,Verified
0x40064,0x4006C,9,named_rom_range,game.reserved_header_40064,,Verified
0x4006D,0x4006D,1,named_rom_range,game.eeprom_start,,Verified
0x4006E,0x4006E,1,named_rom_range,game.reserved_header_4006e,,Verified
0x4006F,0x4006F,1,named_rom_range,game.difficulty_byte,,Verified
0x40070,0x40071,2,named_rom_range,game.screen_mode,,Verified
0x40072,0x40072,1,named_rom_range,game.rom_type_flag,,Verified
0x40073,0x40073,1,named_rom_range,game.reserved_header_40073,,Verified
0x40074,0x40077,4,named_rom_range,game.button0_label_ptr,,Verified
0x40078,0x4007B,4,named_rom_range,game.button1_label_ptr,,Verified
0x4007C,0x4007F,4,named_rom_range,game.joystick_label_ptr,,Verified
0x40080,0x40097,24,named_rom_range,game.checksum_table,,Verified
0x40098,0x4009B,4,named_rom_range,game.header_zero_pad_40098,,Verified
0x4009C,0x400A4,9,named_rom_range,game.copyright_morse_signature,game_copyright_morse_signature,Verified
0x400A5,0x400DD,57,named_rom_range,game.header_ff_pad,,Verified
0x400DE,0x400FB,30,analyzed_code,,,Verified
0x400FC,0x40101,6,named_rom_range,game.unreferenced_ram_value_pair,,Verified
0x40102,0x40112,17,named_rom_range,game.joystick_label,,Verified
0x40113,0x40128,22,named_rom_range,game.fire_label,,Verified
0x40129,0x4013F,23,named_rom_range,game.magic_label,,Verified
0x40140,0x405BF,1152,analyzed_code,,,Verified
0x405C0,0x405C7,8,named_rom_range,forcefield_color_steps,"Forcefield color table (4 words, one per animation step)",Verified
0x405C8,0x405D7,16,named_rom_range,palette_offset_by_walltype,palette_offset_by_walltype,Verified
0x405D8,0x405E7,16,named_rom_range,palette_offset2_by_walltype,palette_offset2_by_walltype,Verified
0x405E8,0x40627,64,named_rom_range,vscroll_alpha_gradient,vscroll_alpha_gradient,Verified
0x40628,0x40B57,1328,analyzed_code,,,Verified
0x40B58,0x40B97,64,named_rom_range,mob_collision_type_filter,mob_collision_type_filter,Verified
0x40B98,0x40BAF,24,named_rom_range,shot_collision_width,shot_collision_width,Verified
0x40BB0,0x40BC7,24,named_rom_range,shot_collision_height,shot_collision_height,Verified
0x40BC8,0x40BCF,8,named_rom_range,dragon_shot_collision_width,dragon_shot_collision_width,Verified
0x40BD0,0x40BD7,8,named_rom_range,dragon_shot_collision_height,dragon_shot_collision_height,Verified
0x40BD8,0x40C77,160,named_rom_range,shot_collision_probe_offsets,shot_collision_probe_offsets,Verified
0x40C78,0x40D77,256,analyzed_code,,,Verified
0x40D78,0x40D89,18,named_rom_range,monster_kill_score_by_multiplier,monster_kill_score_by_multiplier,Verified
0x40D8A,0x40DB1,40,named_rom_range,monster_shoot_axis_thresholds,monster_shoot_axis_thresholds,Verified
0x40DB2,0x40DD9,40,named_rom_range,monster_anim_idle_ptrs,monster_anim_idle_ptrs,Verified
0x40DDA,0x40E01,40,named_rom_range,monster_anim_moving_ptrs,monster_anim_moving_ptrs,Verified
0x40E02,0x40E1D,28,named_rom_range,monster_level_flag_overrides,monster_level_flag_overrides,Verified
0x40E1E,0x40E45,40,named_rom_range,monster_oddangle_table,monster_oddangle_table,Verified
0x40E46,0x40E65,32,named_rom_range,monster_count_table,monster_count_table,Verified
0x40E66,0x40E69,4,named_rom_range,dead_monster_count_tail_words,dead_monster_count_tail_words,Verified
0x40E6A,0x41BCF,3430,analyzed_code,,,Verified
0x41BD0,0x41BEF,32,named_rom_range,player_character_collision_block_matrix,player_character_collision_block_matrix,Verified
0x41BF0,0x45C45,16470,analyzed_code,,,Verified
0x45C46,0x45C4D,8,named_rom_range,door_open_direction_jumptbl,main_open_doors,Verified
0x45C4E,0x4961F,14802,analyzed_code,,,Verified
0x49620,0x49633,20,named_rom_range,monster_playerhit_jumptbl,"Contradicted and corrected: target/monster class 0x12–0x1B is doubled without subtraction; the backward-biased load base 0x495FC maps it to the actual table at 0x49620–0x49633, also the JMP displacement base. The former 28-entry/0–0x1B description included live instructions before the table.",Verified
0x49634,0x4A4F9,3782,analyzed_code,,,Verified
0x4A4FA,0x4A539,64,named_rom_range,stun_direction_remap,stun_direction_remap,Verified
0x4A53A,0x4B337,3582,analyzed_code,,,Verified
0x4B338,0x4B3B3,124,named_rom_range,resolve_shot_hit_jumptbl,"Object type 0–0x3D, doubled; displacement relative to base 0x4B338",Verified
0x4B3B4,0x4FE07,19028,analyzed_code,,,Verified
0x4FE08,0x4FE17,16,named_rom_range,richest_player_tie_jumptbl,"Eight tie/eligibility states, doubled; displacement and JMP base 0x4FE08",Verified
0x4FE18,0x511FF,5096,analyzed_code,,,Verified
0x51200,0x5120F,16,named_rom_range,player_tile_lowtype_jumptbl,"Object type 0x0A–0x11 is doubled without subtraction; load base is biased to 0x511EC, making the accessed table 0x51200–0x5120F; JMP base 0x51200",Verified
0x51210,0x51229,26,analyzed_code,,,Verified
0x5122A,0x5124B,34,named_rom_range,player_tile_object_jumptbl,"Object type 0x2E–0x3E, doubled without subtraction; load base 0x511CE biases accesses to 0x5122A–0x5124B; JMP base 0x5122A",Verified
0x5124C,0x5220F,4036,analyzed_code,,,Verified
0x52210,0x5226D,94,named_rom_range,mob_collision_object_jumptbl,"Object type 0x10–0x3E, doubled without subtraction; load base 0x521FC biases accesses to 0x52210–0x5226D; JMP base 0x52210",Verified
0x5226E,0x52279,12,named_rom_range,dead_mob_collision_jump_tail,"Six additional valid-looking displacements immediately after the live table. The dispatcher rejects types above 0x3E before indexing, and no other consumer reaches them; retained as runtime-dead compiler/linker residue.",Verified
0x5227A,0x5318B,3858,analyzed_code,,,Verified
0x5318C,0x53345,442,named_rom_range,game_options_descriptor_stream,game_options_descriptor_stream,Verified
0x53346,0x538FD,1464,analyzed_code,,,Verified
0x538FE,0x53907,10,named_rom_range,shot_reflect_center_jumptbl,Signed delta −2…2 indexes around a centered load base 0x53902; JMP base 0x538FE,Verified
0x53908,0x53923,28,analyzed_code,,,Verified
0x53924,0x5392D,10,named_rom_range,shot_reflect_neg42_jumptbl,Delta −0x42…−0x3E is normalized by subtracting −0x42; JMP base 0x53924,Verified
0x5392E,0x53947,26,analyzed_code,,,Verified
0x53948,0x53951,10,named_rom_range,shot_reflect_neg22_jumptbl,Delta −0x22…−0x1E is not normalized; backward-biased load base 0x5398C maps it to 0x53948–0x53951; JMP base 0x53948,Verified
0x53952,0x53969,24,analyzed_code,,,Verified
0x5396A,0x53973,10,named_rom_range,shot_reflect_pos1e_jumptbl,Delta 0x1E…0x22 is not normalized; backward-biased load base 0x5392E maps it to 0x5396A–0x53973; JMP base 0x5396A,Verified
0x53974,0x53991,30,analyzed_code,,,Verified
0x53992,0x5399B,10,named_rom_range,shot_reflect_pos3e_jumptbl,Delta 0x3E…0x42 is normalized by subtracting 0x3E; JMP base 0x53992,Verified
0x5399C,0x54BD5,4666,analyzed_code,,,Verified
0x54BD6,0x54BDF,10,named_rom_range,dragon_head_hitbox_offsets,dragon_head_hitbox_offsets,Verified
0x54BE0,0x54CA5,198,analyzed_code,,,Verified
0x54CA6,0x54CC5,32,named_rom_range,secret_code_alphabet,secret_code_alphabet,Verified
0x54CC6,0x54EC5,512,named_rom_range,secret_code_crc16_table,secret_code_crc16_table,Verified
0x54EC6,0x55511,1612,analyzed_code,,,Verified
0x55512,0x5554D,60,named_rom_range,dead_name_entry_epilogue_fragments,dead_name_entry_epilogue_fragments,Verified
0x5554E,0x5561F,210,analyzed_code,,,Verified
0x55620,0x56E53,6196,top_level_nonmixed_region,,,Verified
0x56E54,0x56F5B,264,analyzed_code,,,Verified
0x56F5C,0x56FA7,76,named_rom_range,dead_slapstic_verify_suffix,dead_slapstic_verify_suffix,Verified
0x56FA8,0x57001,90,named_rom_range,pad_56fa8,pad_56fa8,Verified
0x57002,0x57011,16,named_rom_range,character_announcement_speech_ptrs,Per-player character announcement speech IDs (ROM pointer table),Verified
0x57012,0x57045,52,named_rom_range,random_maze_flags,get_random_maze_flags,Verified
0x57046,0x5704D,8,named_rom_range,slapstic_bitwise_addr_a,slapstic_bitwise_addr_a,Verified
0x5704E,0x57055,8,named_rom_range,slapstic_bitwise_addr_b,slapstic_bitwise_addr_b,Verified
0x57056,0x57071,28,named_rom_range,challenge_target_object_types,challenge_target_object_types,Verified
0x57072,0x570B3,66,named_rom_range,character_select_instruction_chain,character_select_instruction_chain,Verified
0x570B4,0x570BB,8,named_rom_range,portrait_display_offsets,portrait_display_offsets,Verified
0x570BC,0x570C3,8,named_rom_range,portrait_alpha_words,portrait_alpha_words,Verified
0x570C4,0x570CB,8,named_rom_range,portrait_sprite_words,portrait_sprite_words,Verified
0x570CC,0x570DB,16,named_rom_range,portrait_alpha_dest_ptrs,portrait_alpha_dest_ptrs,Verified
0x570DC,0x570EB,16,named_rom_range,portrait_sprite_dest_ptrs,portrait_sprite_dest_ptrs,Verified
0x570EC,0x5710B,32,named_rom_range,joystick_direction_bitmasks,joystick_direction_bitmasks,Verified
0x5710C,0x57177,108,named_rom_range,floor_palette_color_indices,floor_palette_color_indices,Verified
0x57178,0x571D7,96,named_rom_range,service_instruction_text_chain,service_instruction_text_chain,Verified
0x571D8,0x571D9,2,named_rom_range,forcefield_delay_alignment,forcefield_delay_alignment,Verified
0x571DA,0x571F9,32,named_rom_range,forcefield_cycle_delay_profiles,forcefield_cycle_delay_profiles,Verified
0x571FA,0x57209,16,named_rom_range,forcefield_cycle_delay_ptrs,forcefield_cycle_delay_ptrs,Verified
0x5720A,0x57211,8,named_rom_range,secret_player_palette_words,secret_player_palette_words,Verified
0x57212,0x57221,16,named_rom_range,player_color_name_ptrs,player_color_name_ptrs,Verified
0x57222,0x57241,32,named_rom_range,player_color_name_strings,player_color_name_strings,Verified
0x57242,0x57251,16,named_rom_range,character_name_ptrs,character_name_ptrs,Verified
0x57252,0x57279,40,named_rom_range,character_name_strings,character_name_strings,Verified
0x5727A,0x57331,184,named_rom_range,level_start_message_strings,level_start_message_strings,Verified
0x57332,0x5733F,14,named_rom_range,dead_header_byte_block,dead_header_byte_block,Verified
0x57340,0x5734F,16,named_rom_range,character_hud_text_ptrs,character_hud_text_ptrs,Verified
0x57350,0x57357,8,named_rom_range,player_text_palette_words,player_text_palette_words,Verified
0x57358,0x5735F,8,named_rom_range,dead_position_word_block,dead_position_word_block,Verified
0x57360,0x5737B,28,named_rom_range,challenge_timer_base,challenge_timer_base,Verified
0x5737C,0x57397,28,named_rom_range,challenge_timer_random_minutes,challenge_timer_random_minutes,Verified
0x57398,0x573D3,60,named_rom_range,challenge_shared_qualifier_text,challenge_shared_qualifier_text,Verified
0x573D4,0x57443,112,named_rom_range,challenge_qualifier_descs,challenge_qualifier_descs,Verified
0x57444,0x574AB,104,named_rom_range,challenge_unique_qualifier_text,challenge_unique_qualifier_text,Verified
0x574AC,0x574B3,8,named_rom_range,challenge_it_desc,challenge_it_desc,Verified
0x574B4,0x574B7,4,named_rom_range,challenge_it_text,challenge_it_text,Verified
0x574B8,0x5751D,102,named_rom_range,character_glyph_rows,character_glyph_rows,Verified
0x5751E,0x5751F,2,named_rom_range,pad_5751e,ui_status_strings,Verified
0x57520,0x57577,88,named_rom_range,ui_status_strings,"UI strings: ""SELECT HERO"", ""PRESS START"", ""ADD COIN"", ""INSERT COIN"", ""GAME OVER"", ""ON LEVEL:""; exact range 0x57520–0x57577",Verified
0x57578,0x57637,192,named_rom_range,dip_switch_display_records,DIP-switch display records; exact range 0x57578–0x57637,Verified
0x57638,0x57643,12,named_rom_range,continue_screen_header,"Continue-screen header data and NUL-terminated ""LEVEL:"" label",Verified
0x57644,0x57657,20,named_rom_range,continue_blank_line,continue_blank_line,Verified
0x57658,0x5766B,20,named_rom_range,continue_press_start,continue_press_start,Verified
0x5766C,0x5767F,20,named_rom_range,continue_within_seconds,continue_within_seconds,Verified
0x57680,0x57693,20,named_rom_range,continue_game_line,continue_game_line,Verified
0x57694,0x576A7,20,named_rom_range,continue_level_line,continue_level_line,Verified
0x576A8,0x576B5,14,named_rom_range,heartbeat_mask_table,heartbeat_mask_table,Verified
0x576B6,0x576D1,28,named_rom_range,score_star_picture_cycle,score_star_picture_cycle,Verified
0x576D2,0x576D9,8,named_rom_range,score_effect_picture_cycle_a,score_effect_picture_cycle_a,Verified
0x576DA,0x576E1,8,named_rom_range,score_effect_picture_cycle_b,score_effect_picture_cycle_b,Verified
0x576E2,0x57791,176,named_rom_range,shot_velocity_x,shot_velocity_x,Verified
0x57792,0x57841,176,named_rom_range,shot_velocity_y,shot_velocity_y,Verified
0x57842,0x57851,16,named_rom_range,player_power_palette_handler_ptrs,player_power_palette_handler_ptrs,Verified
0x57852,0x57861,16,named_rom_range,player_hurt_palette_handler_ptrs,player_hurt_palette_handler_ptrs,Verified
0x57862,0x578A1,64,named_rom_range,health_per_coin_table,health_per_coin_table,Verified
0x578A2,0x578B1,16,named_rom_range,spawn_candidate_column_delta,spawn_candidate_column_delta,Verified
0x578B2,0x578C1,16,named_rom_range,spawn_candidate_row_delta,spawn_candidate_row_delta,Verified
0x578C2,0x578D9,24,named_rom_range,shot_counter_reload,shot_counter_reload,Verified
0x578DA,0x578E9,16,named_rom_range,random_item_group_ptrs,random_item_group_ptrs,Verified
0x578EA,0x578F1,8,named_rom_range,random_item_group_counts,random_item_group_counts,Verified
0x578F2,0x57909,24,named_rom_range,score_spin_picture_cycle,score_spin_picture_cycle,Verified
0x5790A,0x57919,16,named_rom_range,start_game_player_count_sounds,start_game_player_count_sounds,Verified
0x5791A,0x57931,24,named_rom_range,random_item_group_values,random_item_group_values,Verified
0x57932,0x57941,16,named_rom_range,player_transition_sound_ids,player_transition_sound_ids,Verified
0x57942,0x57951,16,named_rom_range,heartbeat_sound_table,heartbeat_sound_table,Verified
0x57952,0x57961,16,named_rom_range,player_coin_sound_ids,player_coin_sound_ids,Verified
0x57962,0x5796D,12,named_rom_range,early_level_speech_choices,early_level_speech_choices,Verified
0x5796E,0x57979,12,named_rom_range,later_level_speech_choices,later_level_speech_choices,Verified
0x5797A,0x57989,16,named_rom_range,character_lowhealth_speech,character_lowhealth_speech,Verified
0x5798A,0x579AD,36,named_rom_range,generator_spawn_object_type,generator_spawn_object_type,Verified
0x579AE,0x579D1,36,named_rom_range,generator_spawn_vpos_correction,generator_spawn_vpos_correction,Verified
0x579D2,0x579E1,16,named_rom_range,death_potion_score_table,death_potion_score_table,Verified
0x579E2,0x579F1,16,named_rom_range,death_potion_popup_type_table,death_potion_popup_type_table,Verified
0x579F2,0x57A2D,60,named_rom_range,score_popup_picture_table,score_popup_picture_table,Verified
0x57A2E,0x57AAD,128,named_rom_range,monster_contact_damage_table,monster_contact_damage_table,Verified
0x57AAE,0x57B31,132,named_rom_range,character_hurt_sound_banks,character_hurt_sound_banks,Verified
0x57B32,0x57B3B,10,named_rom_range,hurt_speech_cooldown_base,hurt_speech_cooldown_base,Verified
0x57B3C,0x57B4B,16,named_rom_range,character_hurt_sound_ptrs,character_hurt_sound_ptrs,Verified
0x57B4C,0x57B4F,4,named_rom_range,character_hurt_sound_counts,character_hurt_sound_counts,Verified
0x57B50,0x57B67,24,named_rom_range,generator_cell_dx,generator_cell_dx,Verified
0x57B68,0x57B7F,24,named_rom_range,generator_cell_dy,generator_cell_dy,Verified
0x57B80,0x57B97,24,named_rom_range,generator_spawn_direction,generator_spawn_direction,Verified
0x57B98,0x57BA7,16,named_rom_range,monster_shot_spawn_h_offset,monster_shot_spawn_h_offset,Verified
0x57BA8,0x57BB7,16,named_rom_range,monster_shot_spawn_v_offset,monster_shot_spawn_v_offset,Verified
0x57BB8,0x57BC7,16,named_rom_range,lobber_shot_spawn_h_offset,lobber_shot_spawn_h_offset,Verified
0x57BC8,0x57BD7,16,named_rom_range,lobber_shot_spawn_v_offset,lobber_shot_spawn_v_offset,Verified
0x57BD8,0x57EB9,738,named_rom_range,dead_tile_word_block,dead_tile_word_block,Verified
0x57EBA,0x57FF9,320,named_rom_range,factory_highscore_records,factory_highscore_records,Verified
0x57FFA,0x57FFF,6,named_rom_range,pad_57ffa,Zero alignment padding between factory high scores and the 0x58000 display-record block.,Verified
0x58000,0x5806F,112,named_rom_range,score_coin_initials_records,"Score-per-coin display records plus the “Enter your initials:” prompt, exact range 0x58000–0x5806F",Verified
0x58070,0x5808F,32,named_rom_range,invisibility_flash_masks,invisibility_flash_masks,Verified
0x58090,0x58097,8,named_rom_range,fighting_anim_end,fighting_anim_end,Verified
0x58098,0x580A7,16,named_rom_range,demo_stream_ptrs,"Demo initial pointer table;Initial demo pointer table (4 longwords, one per player)",Verified
0x580A8,0x580B7,16,named_rom_range,player_speed_normal,player_speed_normal,Verified
0x580B8,0x580C7,16,named_rom_range,player_anim_rate,player_anim_rate,Verified
0x580C8,0x580D7,16,named_rom_range,player_collision_size,player_collision_size,Verified
0x580D8,0x580E7,16,named_rom_range,player_delta_x,player_delta_x,Verified
0x580E8,0x580F7,16,named_rom_range,player_delta_y,player_delta_y,Verified
0x580F8,0x580FB,4,named_rom_range,pad_580f8,player_delta_y,Verified
0x580FC,0x5811B,32,named_rom_range,joystick_nibble_to_direction,joystick_nibble_to_direction,Verified
0x5811C,0x5813B,32,named_rom_range,fight_direction_map,fight_direction_map,Verified
0x5813C,0x5815B,32,named_rom_range,health_drain_table,health_drain_table,Verified
0x5815C,0x5818B,48,named_rom_range,dialog_tip_ptrs,dialog_tip_ptrs,Verified
0x5818C,0x581C3,56,named_rom_range,demo_input_streams;demo_player0_input_stream,"Four adjacent demo-player streams through 0x5828B, split by the pointer table at 0x58098 into 56, 150, 2, and 48 bytes. Commands are 2-byte pairs. First byte 0x00–0xFD = frame duration and second byte = recorded input; 0xFF = show dialog tip whose index is the second byte; 0xFE = join/switch demo player encoded by the second byte.;Player 0 demo input stream (28 command pairs), ending at 0x581C3",Verified
0x581C4,0x58259,150,named_rom_range,demo_input_streams;demo_player1_input_stream,"Four adjacent demo-player streams through 0x5828B, split by the pointer table at 0x58098 into 56, 150, 2, and 48 bytes. Commands are 2-byte pairs. First byte 0x00–0xFD = frame duration and second byte = recorded input; 0xFF = show dialog tip whose index is the second byte; 0xFE = join/switch demo player encoded by the second byte.;Player 1 demo input stream (75 command pairs; primary Elf script), ending at 0x58259",Verified
0x5825A,0x5825B,2,named_rom_range,demo_input_streams;demo_player2_input_stream,"Four adjacent demo-player streams through 0x5828B, split by the pointer table at 0x58098 into 56, 150, 2, and 48 bytes. Commands are 2-byte pairs. First byte 0x00–0xFD = frame duration and second byte = recorded input; 0xFF = show dialog tip whose index is the second byte; 0xFE = join/switch demo player encoded by the second byte.;Player 2 demo input stream (one minimal command pair)",Verified
0x5825C,0x5828B,48,named_rom_range,demo_input_streams;demo_player3_input_stream,"Four adjacent demo-player streams through 0x5828B, split by the pointer table at 0x58098 into 56, 150, 2, and 48 bytes. Commands are 2-byte pairs. First byte 0x00–0xFD = frame duration and second byte = recorded input; 0xFF = show dialog tip whose index is the second byte; 0xFE = join/switch demo player encoded by the second byte.;Player 3/final demo-stream tail through 0x5828B; the pointer at 0x580A4 starts at 0x5825C, so the formerly isolated 0x5825E–0x5828B bytes belong to this stream",Verified
0x5828C,0x5850D,642,named_rom_range,dialog_tip_records,dialog_tip_records,Verified
0x5850E,0x5858A,125,named_rom_range,attract_display_run_ctrl,attract_display_run_ctrl,Verified
0x5858B,0x5858B,1,named_rom_range,pad_5858b,pad_5858b,Verified
0x5858C,0x5860B,128,named_rom_range,mazeobj_hpos_correction_tbl,mazeobj_hpos_correction_tbl,Verified
0x5860C,0x5864B,64,named_rom_range,mazeobj_vpos_offset_tbl,mazeobj_vpos_offset_tbl,Verified
0x5864C,0x5868B,64,named_rom_range,mazeobj_hsize_tier_tbl,mazeobj_hsize_tier_tbl,Verified
0x5868C,0x5870B,128,named_rom_range,mazeobj_base_picture_tbl,mazeobj_base_picture_tbl,Verified
0x5870C,0x58749,62,named_rom_range,dead_picture_word_block,dead_picture_word_block,Verified
0x5874A,0x58849,256,named_rom_range,anim_table_shooting,anim_table_shooting,Verified
0x5884A,0x58A49,512,named_rom_range,anim_table_fighting,anim_table_fighting,Verified
0x58A4A,0x58A89,64,named_rom_range,anim_table_idle,anim_table_idle,Verified
0x58A8A,0x58B89,256,named_rom_range,anim_table_walking,anim_table_walking,Verified
0x58B8A,0x58C09,128,named_rom_range,projectile_picture_table,projectile_picture_table,Verified
0x58C0A,0x58C89,128,named_rom_range,anim_tiles_sorcerer,anim_tiles_sorcerer,Verified
0x58C8A,0x58C99,16,named_rom_range,thief_escape_anim,thief_escape_anim,Verified
0x58C9A,0x58D19,128,named_rom_range,thief_walk_anim,thief_walk_anim,Verified
0x58D1A,0x58D29,16,named_rom_range,thief_idle_by_direction,thief_idle_by_direction,Verified
0x58D2A,0x58D2B,2,named_rom_range,pad_58d2a,thief_walk_anim_compact,Verified
0x58D2C,0x58D6B,64,named_rom_range,thief_walk_anim_compact,thief_walk_anim_compact,Verified
0x58D6C,0x58DEB,128,named_rom_range,mugger_walk_anim,mugger_walk_anim,Verified
0x58DEC,0x58DFB,16,named_rom_range,mugger_idle_by_direction,mugger_idle_by_direction,Verified
0x58DFC,0x58DFD,2,named_rom_range,pad_58dfc,mugger_walk_anim_compact,Verified
0x58DFE,0x58E3D,64,named_rom_range,mugger_walk_anim_compact,mugger_walk_anim_compact,Verified
0x58E3E,0x58EDD,160,named_rom_range,special_projectile_picture_table,special_projectile_picture_table,Verified
0x58EDE,0x58F1F,66,named_rom_range,monster_projectile_picture_table,monster_projectile_picture_table,Verified
0x58F20,0x58F25,6,named_rom_range,invulnerable_food_pictures,invulnerable_food_pictures,Verified
0x58F26,0x58FA5,128,named_rom_range,anim_tiles_ghost,anim_tiles_ghost,Verified
0x58FA6,0x59025,128,named_rom_range,anim_tiles_grunt,anim_tiles_grunt,Verified
0x59026,0x590A5,128,named_rom_range,anim_tiles_grunt_moving,anim_tiles_grunt_moving,Verified
0x590A6,0x59125,128,named_rom_range,anim_tiles_demon,anim_tiles_demon,Verified
0x59126,0x591A5,128,named_rom_range,anim_tiles_demon_moving,anim_tiles_demon_moving,Verified
0x591A6,0x59225,128,named_rom_range,anim_tiles_lobber,anim_tiles_lobber,Verified
0x59226,0x592A5,128,named_rom_range,anim_tiles_sorcerer_moving,anim_tiles_sorcerer_moving,Verified
0x592A6,0x592B5,16,named_rom_range,anim_tiles_death,anim_tiles_death,Verified
0x592B6,0x59325,112,named_rom_range,anim_tiles_death;anim_tiles_death_moving_view,anim_tiles_death;anim_tiles_death_moving_view,Verified
0x59326,0x59335,16,named_rom_range,anim_tiles_death_moving_view,anim_tiles_death_moving_view,Verified
0x59336,0x593B5,128,named_rom_range,anim_tiles_acid,anim_tiles_acid,Verified
0x593B6,0x59435,128,named_rom_range,anim_tiles_acid_moving,anim_tiles_acid_moving,Verified
0x59436,0x594B5,128,named_rom_range,anim_tiles_it,anim_tiles_it,Verified
0x594B6,0x59535,128,named_rom_range,anim_tiles_it_special,anim_tiles_it_special,Verified
0x59536,0x595B5,128,named_rom_range,anim_tiles_monster_special_attack,anim_tiles_monster_special_attack,Verified
0x595B6,0x59635,128,named_rom_range,anim_tiles_lobber_throw,anim_tiles_lobber_throw,Verified
0x59636,0x596B5,128,named_rom_range,anim_tiles_monster_special_state,anim_tiles_monster_special_state,Verified
0x596B6,0x596C1,12,named_rom_range,shot_damage_base_tbl,shot_damage_base_tbl,Verified
0x596C2,0x596CD,12,named_rom_range,shot_damage_rand_tbl,shot_damage_rand_tbl,Verified
0x596CE,0x596F5,40,named_rom_range,monstshot_damage_tbl,monstshot_damage_tbl,Verified
0x596F6,0x59735,64,named_rom_range,speech_charname_tbl,speech_charname_tbl,Verified
0x59736,0x59785,80,named_rom_range,hint_text_ptrs,hint_text_ptrs,Verified
0x59786,0x598B5,304,named_rom_range,hint_text_strings,"Hint text strings (“TRY TRANSPORTABILITY”, “WATCH WHAT YOU SHOOT”, etc.), exact range 0x59786–0x598B5",Verified
0x598B6,0x599FF,330,named_rom_range,hint_speech_records,"Hint records with speech IDs, exact range 0x598B6–0x599FF; records are 10-byte units combining command/speech metadata and a ROM string pointer",Verified
0x59A00,0x59B53,340,named_rom_range,gameplay_tip_strings,"Gameplay tip strings (“MORE PLAYERS ALLOWS HIGHER / BONUS MULTIPLIER”, etc.), exact range 0x59A00–0x59B53 before the maze-decompression pointer table",Verified
0x59B54,0x59B63,16,named_rom_range,maze_decomp_type_ptrs,maze_decomp_type_ptrs,Verified
0x59B64,0x59B7B,24,named_rom_range,powerup_bit_masks,powerup_bit_masks,Verified
0x59B7C,0x59BAB,48,named_rom_range,powerup_speech_ids,powerup_speech_ids,Verified
0x59BAC,0x5A1FF,1620,named_rom_range,first_encounter_message_records,first_encounter_message_records,Verified
0x5A200,0x5A27F,128,named_rom_range,first_encounter_message_ptrs,first_encounter_message_ptrs,Verified
0x5A280,0x5A2FF,128,named_rom_range,first_encounter_speech_ids,first_encounter_speech_ids,Verified
0x5A300,0x5A37F,128,named_rom_range,first_encounter_alt_message_ptrs,first_encounter_alt_message_ptrs,Verified
0x5A380,0x5A4FF,384,named_rom_range,powerup_name_strings,powerup_name_strings,Verified
0x5A500,0x5A53F,64,named_rom_range,powerup_name_ptrs,powerup_name_ptrs,Verified
0x5A540,0x5A56D,46,named_rom_range,monster_legend_labels,"Monster-legend header/value strings (“Type”, “Fight”, “Shoot”, “Magic”, blank, “NO”, “YES”, “STUN”), ending at 0x5A56D",Verified
0x5A56E,0x5A66F,258,named_rom_range,monster_legend_cells,monster_legend_cells,Verified
0x5A670,0x5A6DD,110,named_rom_range,monster_object_name_strings,"Monster/object name strings: “GHOST”, “GRUNT”, “DEMON”, “LOBBER”, “SORCERER”, etc.; exact range 0x5A670–0x5A6DD",Verified
0x5A6DE,0x5A7F9,284,named_rom_range,legend_powerup_desc_chain,legend_powerup_desc_chain,Verified
0x5A7FA,0x5A86D,116,named_rom_range,legend_object_desc_chain,legend_object_desc_chain,Verified
0x5A86E,0x5A8CB,94,named_rom_range,legend_wallfloor_desc_chain,legend_wallfloor_desc_chain,Verified
0x5A8CC,0x5A9A7,220,named_rom_range,legend_credit_roles_chain,legend_credit_roles_chain,Verified
0x5A9A8,0x5AA67,192,named_rom_range,legend_credit_name_strings,legend_credit_name_strings,Verified
0x5AA68,0x5AB19,178,named_rom_range,legend_credit_names_chain,legend_credit_names_chain,Verified
0x5AB1A,0x5AB25,12,named_rom_range,treasure_bonus_coin_label,treasure_bonus_coin_label,Verified
0x5AB26,0x5AB31,12,named_rom_range,treasure_bonus_treasure_label,treasure_bonus_treasure_label,Verified
0x5AB32,0x5AB39,8,named_rom_range,treasure_bonus_equals_label,treasure_bonus_equals_label,Verified
0x5AB3A,0x5AB45,12,named_rom_range,treasure_no_bonus_label,treasure_no_bonus_label,Verified
0x5AB46,0x5AB57,18,named_rom_range,treasure_5000_coin_label,treasure_5000_coin_label,Verified
0x5AB58,0x5AB63,12,named_rom_range,treasure_no_bonus_label_alt,treasure_no_bonus_label_alt,Verified
0x5AB64,0x5AB8F,44,named_rom_range,treasure_seconds_speech,treasure_seconds_speech,Verified
0x5AB90,0x5ABDF,80,named_rom_range,treasure_fake_countdown_sequences,treasure_fake_countdown_sequences,Verified
0x5ABE0,0x5ABEF,16,named_rom_range,treasure_fake_countdown_ptrs,treasure_fake_countdown_ptrs,Verified
0x5ABF0,0x5ABF7,8,named_rom_range,treasure_fakeout_speech,treasure_fakeout_speech,Verified
0x5ABF8,0x5AC07,16,named_rom_range,treasure_timeout_speech,treasure_timeout_speech,Verified
0x5AC08,0x5AC17,16,named_rom_range,treasure_warning_speech,treasure_warning_speech,Verified
0x5AC18,0x5AC1F,8,named_rom_range,treasure_warning_delay,treasure_warning_delay,Verified
0x5AC20,0x5AC2D,14,named_rom_range,logo_brightness_seq,logo_brightness_seq,Verified
0x5AC2E,0x5AC4D,32,named_rom_range,logo_motion_program_full,logo_motion_program_full,Verified
0x5AC4E,0x5AC5D,16,named_rom_range,logo_motion_program_short,logo_motion_program_short,Verified
0x5AC5E,0x5AD1D,192,named_rom_range,fixed_playfield_palette_bank,fixed_playfield_palette_bank,Verified
0x5AD1E,0x5AD9D,128,named_rom_range,alpha_palette_init,alpha_palette_init,Verified
0x5AD9E,0x5AE1D,128,named_rom_range,mob_palette_init,mob_palette_init,Verified
0x5AE1E,0x5AF9D,384,named_rom_range,mob_palette_extended,mob_palette_extended,Verified
0x5AF9E,0x5AFA5,8,named_rom_range,character_palette_ptrs,character_palette_ptrs,Verified
0x5AFA6,0x5AFAD,8,named_rom_range,aux_palette_init;character_palette_ptrs,aux_palette_init;character_palette_ptrs,Verified
0x5AFAE,0x5B00D,96,named_rom_range,aux_palette_init;tport_palette_cycle_blocks,aux_palette_init;tport_palette_cycle_blocks,Verified
0x5B00E,0x5B025,24,named_rom_range,aux_palette_init;character_full_palettes,"Four character full palettes (128 B each): Warrior, Valkyrie, Wizard, Elf. Each has four 32-byte sub-palettes (normal/poisoned/ghost/invulnerable); exact range 0x5B00E–0x5B20D;aux_palette_init",Verified
0x5B026,0x5B20D,488,named_rom_range,character_full_palettes,"Four character full palettes (128 B each): Warrior, Valkyrie, Wizard, Elf. Each has four 32-byte sub-palettes (normal/poisoned/ghost/invulnerable); exact range 0x5B00E–0x5B20D",Verified
0x5B20E,0x5B255,72,named_rom_range,player0_hurt_palette_cycle,player0_hurt_palette_cycle,Verified
0x5B256,0x5B29D,72,named_rom_range,player1_hurt_palette_cycle,player1_hurt_palette_cycle,Verified
0x5B29E,0x5B2E5,72,named_rom_range,player2_hurt_palette_cycle,player2_hurt_palette_cycle,Verified
0x5B2E6,0x5B32D,72,named_rom_range,player3_hurt_palette_cycle,player3_hurt_palette_cycle,Verified
0x5B32E,0x5B3ED,192,named_rom_range,player0_power_palette_cycle,player0_power_palette_cycle,Verified
0x5B3EE,0x5B4AD,192,named_rom_range,player1_power_palette_cycle,player1_power_palette_cycle,Verified
0x5B4AE,0x5B56D,192,named_rom_range,player2_power_palette_cycle,player2_power_palette_cycle,Verified
0x5B56E,0x5B62D,192,named_rom_range,player3_power_palette_cycle,player3_power_palette_cycle,Verified
0x5B62E,0x5B639,12,named_rom_range,thief_stealable_power_masks,thief_stealable_power_masks,Verified
0x5B63A,0x5B649,16,named_rom_range,thief_contact_damage,thief_contact_damage,Verified
0x5B64A,0x5B65B,18,named_rom_range,direction_column_delta,direction_column_delta,Verified
0x5B65C,0x5B66D,18,named_rom_range,direction_row_delta,direction_row_delta,Verified
0x5B66E,0x5B6AD,64,named_rom_range,maze_object_traversability_flags,maze_object_traversability_flags,Verified
0x5B6AE,0x5B6ED,64,named_rom_range,thief_collision_remove_flags,thief_collision_remove_flags,Verified
0x5B6EE,0x5B6F9,12,named_rom_range,thief_hurt_sound_choices,thief_hurt_sound_choices,Verified
0x5B6FA,0x5B701,8,named_rom_range,thief_player_speech_ids,thief_player_speech_ids,Verified
0x5B702,0x5B709,8,named_rom_range,mugger_player_speech_ids,mugger_player_speech_ids,Verified
0x5B70A,0x5B71B,18,named_rom_range,thief_direction_step_size,thief_direction_step_size,Verified
0x5B71C,0x5B723,8,named_rom_range,tport_direction_rotation,tport_direction_rotation,Verified
0x5B724,0x5B72B,8,named_rom_range,damage_comment_speech_ids,damage_comment_speech_ids,Verified
0x5B72C,0x5B733,8,named_rom_range,character_reflect_timer_init,character_reflect_timer_init,Verified
0x5B734,0x5B73B,8,named_rom_range,character_stun_delay_add,character_stun_delay_add,Verified
0x5B73C,0x5B743,8,named_rom_range,tile_effect_sound_ids,tile_effect_sound_ids,Verified
0x5B744,0x5B74B,8,named_rom_range,tile_effect_sound_ids_alt,tile_effect_sound_ids_alt,Verified
0x5B74C,0x5B773,40,named_rom_range,pickup_score_values,pickup_score_values,Verified
0x5B774,0x5B787,20,named_rom_range,pickup_score_popup_types,pickup_score_popup_types,Verified
0x5B788,0x5B797,16,named_rom_range,level_exit_sound_ids,level_exit_sound_ids,Verified
0x5B798,0x5B7BF,40,named_rom_range,pickup_random_sound_banks,pickup_random_sound_banks,Verified
0x5B7C0,0x5B7CF,16,named_rom_range,pickup_random_sound_ptrs,pickup_random_sound_ptrs,Verified
0x5B7D0,0x5B7D3,4,named_rom_range,pickup_random_sound_counts,pickup_random_sound_counts,Verified
0x5B7D4,0x5B7E3,16,named_rom_range,collision_hpos_base_by_case,collision_hpos_base_by_case,Verified
0x5B7E4,0x5B7EB,8,named_rom_range,collision_hpos_random_range_by_player,collision_hpos_random_range_by_player,Verified
0x5B7EC,0x5B7FB,16,named_rom_range,collision_bonus_threshold_by_case,collision_bonus_threshold_by_case,Verified
0x5B7FC,0x5B81B,32,named_rom_range,exit_rotation_offset_by_count,exit_rotation_offset_by_count,Verified
0x5B81C,0x5BA67,588,named_rom_range,exit_desc_by_floorpattern,exit_desc_by_floorpattern,Verified
0x5BA68,0x5BA69,2,named_rom_range,exit_desc_by_floorpattern;logo_outer_timer_init,exit_desc_by_floorpattern;logo_outer_timer_init,Verified
0x5BA6A,0x5BA6B,2,named_rom_range,exit_desc_by_floorpattern;logo_inner_timer_init,exit_desc_by_floorpattern;logo_inner_timer_init,Verified
0x5BA6C,0x5BA6D,2,named_rom_range,exit_desc_by_floorpattern;logo_bright_min,exit_desc_by_floorpattern;logo_bright_min,Verified
0x5BA6E,0x5BA6F,2,named_rom_range,exit_desc_by_floorpattern;logo_bright_max,exit_desc_by_floorpattern;logo_bright_max,Verified
0x5BA70,0x5BAAF,64,named_rom_range,exit_desc_by_floorpattern;forcefield_gfx_ptrs,exit_desc_by_floorpattern;forcefield_gfx_ptrs,Verified
0x5BAB0,0x5BABF,16,named_rom_range,exit_desc_by_floorpattern;shot_reflect_hdelta,exit_desc_by_floorpattern;shot_reflect_hdelta,Verified
0x5BAC0,0x5BACF,16,named_rom_range,exit_desc_by_floorpattern;shot_reflect_vdelta,exit_desc_by_floorpattern;shot_reflect_vdelta,Verified
0x5BAD0,0x5BADF,16,named_rom_range,exit_desc_by_floorpattern;shot_reflect_sound_tbl,exit_desc_by_floorpattern;shot_reflect_sound_tbl,Verified
0x5BAE0,0x5BBDF,256,named_rom_range,exit_desc_by_floorpattern;floor_desc_base,exit_desc_by_floorpattern;floor_desc_base,Verified
0x5BBE0,0x5BC1B,60,named_rom_range,exit_desc_by_floorpattern;wall_desc_blocks,exit_desc_by_floorpattern;wall_desc_blocks,Verified
0x5BC1C,0x5C89F,3204,named_rom_range,wall_desc_blocks,wall_desc_blocks,Verified
0x5C8A0,0x5C8A7,8,named_rom_range,floor_type10_desc,floor_type10_desc,Verified
0x5C8A8,0x5C8AF,8,named_rom_range,floor_type11_desc,floor_type11_desc,Verified
0x5C8B0,0x5CAA7,504,named_rom_range,dead_sequential_tile_codes,dead_sequential_tile_codes,Verified
0x5CAA8,0x5CB27,128,named_rom_range,floor_type3e_descs,floor_type3e_descs,Verified
0x5CB28,0x5CB47,32,named_rom_range,attract_display_tile_stream,attract_display_tile_stream,Verified
0x5CB48,0x5CD3F,504,named_rom_range,attract_display_tile_stream;special_object_tile_numbers,attract_display_tile_stream;special_object_tile_numbers,Verified
0x5CD40,0x5D2F7,1464,named_rom_range,attract_display_tile_stream;special_object_anim_tiles,attract_display_tile_stream;special_object_anim_tiles,Verified
0x5D2F8,0x5D3CF,216,named_rom_range,wall_desc_pattern6,wall_desc_pattern6,Verified
0x5D3D0,0x5D3E7,24,named_rom_range,wall_desc_destructible,wall_desc_destructible,Verified
0x5D3E8,0x5D3F7,16,named_rom_range,dragon_probe_delta_a,dragon_probe_delta_a,Verified
0x5D3F8,0x5D407,16,named_rom_range,dragon_probe_delta_b,dragon_probe_delta_b,Verified
0x5D408,0x5D417,16,named_rom_range,dragon_spawn_offset_a,dragon_spawn_offset_a,Verified
0x5D418,0x5D427,16,named_rom_range,dragon_spawn_offset_b,dragon_spawn_offset_b,Verified
0x5D428,0x5D437,16,named_rom_range,dragon_facing_offset,dragon_facing_offset,Verified
0x5D438,0x5D477,64,named_rom_range,dragon_head_hdelta,dragon_head_hdelta,Verified
0x5D478,0x5D4B7,64,named_rom_range,dragon_head_vdelta,dragon_head_vdelta,Verified
0x5D4B8,0x5D4C7,16,named_rom_range,dragon_fire_segment_tbl,dragon_fire_segment_tbl,Verified
0x5D4C8,0x5D4E7,32,named_rom_range,dragon_pose_hdelta,dragon_pose_hdelta,Verified
0x5D4E8,0x5D507,32,named_rom_range,dragon_pose_vdelta,dragon_pose_vdelta,Verified
0x5D508,0x5D527,32,named_rom_range,dragon_body_pics,dragon_body_pics,Verified
0x5D528,0x5D577,80,named_rom_range,dragon_head_pics,dragon_head_pics,Verified
0x5D578,0x5D5C7,80,named_rom_range,dragon_path_programs,dragon_path_programs,Verified
0x5D5C8,0x5D7C7,512,named_rom_range,playfield_palettes,playfield_palettes,Verified
0x5D7C8,0x5D7E7,32,named_rom_range,playfield_special_palette_bank,playfield_special_palette_bank,Verified
0x5D7E8,0x5D847,96,named_rom_range,playfield_special_palette_bank;playfield_special_palette_lowwall_view,playfield_special_palette_bank;playfield_special_palette_lowwall_view,Verified
0x5D848,0x5D9E7,416,named_rom_range,palette_color_ramps,"Palette color ramps (13 blocks × 32 bytes, 12 colors + 4 zero words each, one per tileset environment). The apparent code reference to 0x5D978 is a biased address for the later potion-effect table, not a palette access: the first reachable index is object type 0x12 × 16, which lands at 0x5DA98.",Verified
0x5D9E8,0x5DA97,176,named_rom_range,secretcode_text_recs,secretcode_text_recs,Verified
0x5DA98,0x5DC57,448,named_rom_range,potion_effect_matrix,potion_effect_matrix,Verified
0x5DC58,0x5EDD3,4476,analyzed_code,,,Verified
0x5EDD4,0x5EDF3,32,named_rom_range,wall_pattern_offsets,wall_pattern_offsets,Verified
0x5EDF4,0x5EE23,48,named_rom_range,wall_random_desc_ptrs,wall_random_desc_ptrs,Verified
0x5EE24,0x5EF23,256,named_rom_range,wall_conn_variant_tbl,wall_conn_variant_tbl,Verified
0x5EF24,0x5F023,256,named_rom_range,wall_conn_variant_tbl6,wall_conn_variant_tbl6,Verified
0x5F024,0x5F9CD,2474,analyzed_code,,,Verified
0x5F9CE,0x5F9ED,32,named_rom_range,door_gfx_by_neighbors,door_gfx_by_neighbors,Verified
0x5F9EE,0x5FAC9,220,analyzed_code,,,Verified
0x5FACA,0x5FADB,18,named_rom_range,door_gfx_type2,door_gfx_type2,Verified
0x5FADC,0x5FAED,18,named_rom_range,door_hpos_sub2,door_hpos_sub2,Verified
0x5FAEE,0x5FAFF,18,named_rom_range,door_vpos_add2,door_vpos_add2,Verified
0x5FB00,0x5FBDB,220,analyzed_code,,,Verified
0x5FBDC,0x5FBED,18,named_rom_range,door_gfx_type3,door_gfx_type3,Verified
0x5FBEE,0x5FBFF,18,named_rom_range,door_vpos_sub3,door_vpos_sub3,Verified
0x5FC00,0x5FC11,18,named_rom_range,door_vpos_add3,door_vpos_add3,Verified
0x5FC12,0x5FC21,16,named_rom_range,player_inventory_vram_ptrs,player_inventory_vram_ptrs,Verified
0x5FC22,0x5FDAB,394,analyzed_code,,,Verified
0x5FDAC,0x5FDB1,6,named_rom_range,supersorc_direction_bias,supersorc_direction_bias,Verified
0x5FDB2,0x5FDB7,6,named_rom_range,supersorc_probe_steps,supersorc_probe_steps,Verified
0x5FDB8,0x5FF97,480,analyzed_code,,,Verified
0x5FF98,0x5FFB1,26,named_rom_range,dead_truncated_supersorc_epilogues,dead_truncated_supersorc_epilogues,Verified
0x5FFB2,0x5FFFF,78,top_level_nonmixed_region,,,Verified
