address,rom_name,status,python_equivalent,evidence,confidence
0x40000,game_start_veneer,unnecessary,none,"OS jump-table veneer / reset / trap: tail-jumps or halts; no behaviour of its own. gauntpy has no 68000 vector table, watchdog or supervisor mode. Apparent source hits are false positives: the ROM-base expression 'A - 0x40000' in romtext.py/score.py/shots.py.",high
0x40006,game_vblank_veneer,unnecessary,none,"OS jump-table veneer / reset / trap: tail-jumps or halts; no behaviour of its own. gauntpy has no 68000 vector table, watchdog or supervisor mode.",high
0x4000C,game_irq1_watchdog_trap,unnecessary,none,"OS jump-table veneer / reset / trap: tail-jumps or halts; no behaviour of its own. gauntpy has no 68000 vector table, watchdog or supervisor mode.",high
0x40012,game_irq3_watchdog_trap,unnecessary,none,"OS jump-table veneer / reset / trap: tail-jumps or halts; no behaviour of its own. gauntpy has no 68000 vector table, watchdog or supervisor mode.",high
0x40018,game_irq2_watchdog_trap,unnecessary,none,"OS jump-table veneer / reset / trap: tail-jumps or halts; no behaviour of its own. gauntpy has no 68000 vector table, watchdog or supervisor mode.",high
0x4001E,game_irq6_sound_veneer,unnecessary,none,"OS jump-table veneer / reset / trap: tail-jumps or halts; no behaviour of its own. gauntpy has no 68000 vector table, watchdog or supervisor mode.",high
0x40024,game_exception_veneer,unnecessary,none,"OS jump-table veneer / reset / trap: tail-jumps or halts; no behaviour of its own. gauntpy has no 68000 vector table, watchdog or supervisor mode.",high
0x40030,game_playfield_init_veneer,unnecessary,none,"OS jump-table veneer / reset / trap: tail-jumps or halts; no behaviour of its own. gauntpy has no 68000 vector table, watchdog or supervisor mode.",high
0x40048,game_options_veneer,unnecessary,none,"OS jump-table veneer / reset / trap: tail-jumps or halts; no behaviour of its own. gauntpy has no 68000 vector table, watchdog or supervisor mode.",high
0x40054,game_rom_verify_veneer,unnecessary,none,"OS jump-table veneer / reset / trap: tail-jumps or halts; no behaviour of its own. gauntpy has no 68000 vector table, watchdog or supervisor mode.",high
0x400DE,scroll_to_slot_veneer,unnecessary,none,"OS jump-table veneer / reset / trap: tail-jumps or halts; no behaviour of its own. gauntpy has no 68000 vector table, watchdog or supervisor mode.",high
0x400E4,init_display_veneer,unnecessary,none,"OS jump-table veneer / reset / trap: tail-jumps or halts; no behaviour of its own. gauntpy has no 68000 vector table, watchdog or supervisor mode.",high
0x400EA,maze_setup_veneer,unnecessary,none,"OS jump-table veneer / reset / trap: tail-jumps or halts; no behaviour of its own. gauntpy has no 68000 vector table, watchdog or supervisor mode.",high
0x400F0,pf_replace_veneer,unnecessary,none,"OS jump-table veneer / reset / trap: tail-jumps or halts; no behaviour of its own. gauntpy has no 68000 vector table, watchdog or supervisor mode.",high
0x400F6,mob_clear_veneer,unnecessary,none,"OS jump-table veneer / reset / trap: tail-jumps or halts; no behaviour of its own. gauntpy has no 68000 vector table, watchdog or supervisor mode.",high
0x40140,game_exception_abort,unnecessary,none,"OS jump-table veneer / reset / trap: tail-jumps or halts; no behaviour of its own. gauntpy has no 68000 vector table, watchdog or supervisor mode.",high
0x4014C,game_start,unnecessary,none (gameplay side effect ported: maze_objects.select_forcefield_delay_profile),"Reset body: sets SR=0x2300, installs three playfield colour pointers and the forcefield cycle-delay pointer, tail-jumps to g2mainloop. Only the forcefield delay profile is gameplay; it is selected in maze_objects.select_forcefield_delay_profile from maze.load_level.",high
0x4017E,game_vblank,complete,gauntpy/src/gauntpy/display.py :: mainloop.tick VBLANK hooks (mainloop.py:129-146) + display.py,"MERGED/DECOMPOSED into potion_flash_vblank, player_hurt_palette_vblank, alpha_palette_vblank and playfield_palette_vblank. Hardware half (watchdog ack, semaphore, scroll-register publish) intentionally absent.",high
0x404A0,palette_power_warrior,complete,gauntpy/src/gauntpy/display.py :: display.PLAYER_POWER_PALETTE_CYCLES + display.player_palette_vblank,MERGED: frameless ROM-pointer leaf; its palette cycle data is transcribed into display.py tables driven by player_palette_vblank.,high
0x404AE,palette_hurt_warrior,complete,gauntpy/src/gauntpy/display.py :: display.PLAYER_HURT_PALETTE_CYCLES + display.player_palette_vblank,MERGED: frameless ROM-pointer leaf (warrior hurt cycle).,high
0x404BC,palette_power_valkyrie,complete,gauntpy/src/gauntpy/display.py :: display.PLAYER_POWER_PALETTE_CYCLES + display.player_palette_vblank,MERGED: frameless ROM-pointer leaf (valkyrie power cycle).,high
0x404D0,palette_hurt_valkyrie,complete,gauntpy/src/gauntpy/display.py :: display.PLAYER_HURT_PALETTE_CYCLES + display.player_palette_vblank,MERGED: frameless ROM-pointer leaf (valkyrie hurt cycle).,high
0x404E4,palette_power_wizard,complete,gauntpy/src/gauntpy/display.py :: display.PLAYER_POWER_PALETTE_CYCLES + display.player_palette_vblank,MERGED: frameless ROM-pointer leaf (wizard power cycle).,high
0x404F8,palette_hurt_wizard,complete,gauntpy/src/gauntpy/display.py :: display.PLAYER_HURT_PALETTE_CYCLES + display.player_palette_vblank,MERGED: frameless ROM-pointer leaf (wizard hurt cycle).,high
0x4050C,palette_power_elf,complete,gauntpy/src/gauntpy/display.py :: display.PLAYER_POWER_PALETTE_CYCLES + display.player_palette_vblank,MERGED: frameless ROM-pointer leaf (elf power cycle).,high
0x4051A,palette_hurt_elf,complete,gauntpy/src/gauntpy/display.py :: display.PLAYER_HURT_PALETTE_CYCLES + display.player_palette_vblank,MERGED: frameless ROM-pointer leaf (elf hurt cycle).,high
0x40528,main_cycle_tport_and_ffield,complete,gauntpy/src/gauntpy/subsystems/maze_objects.py :: main_cycle_tport_and_ffield,"Direct port: the ROM address is annotated on the porting function's docstring/comment in maze_objects.py, the gauntpy convention for a one-to-one transcription.",high
0x40628,calc_score_per_coin,complete,gauntpy/src/gauntpy/subsystems/players.py :: calc_score_per_coin,"Direct port: the ROM address is annotated on the porting function's docstring/comment in players.py, the gauntpy convention for a one-to-one transcription.",high
0x40644,input_debounce,complete,gauntpy/src/gauntpy/mainloop.py :: input_debounce,"Direct port: the ROM address is annotated on the porting function's docstring/comment in mainloop.py, the gauntpy convention for a one-to-one transcription.",high
0x406B6,mob_probe_up,complete,gauntpy/src/gauntpy/subsystems/players.py :: mob_probe_up,"Direct port: the ROM address is annotated on the porting function's docstring/comment in players.py, the gauntpy convention for a one-to-one transcription.",high
0x40732,mob_probe_down,complete,gauntpy/src/gauntpy/subsystems/players.py :: mob_probe_down,"Direct port: the ROM address is annotated on the porting function's docstring/comment in players.py, the gauntpy convention for a one-to-one transcription.",high
0x407A6,mob_probe_candidate,complete,gauntpy/src/gauntpy/subsystems/players.py :: mob_probe_candidate,"Direct port: the ROM address is annotated on the porting function's docstring/comment in players.py, the gauntpy convention for a one-to-one transcription.",high
0x4083A,mob_probe_left,complete,gauntpy/src/gauntpy/subsystems/players.py :: mob_probe_left,"Direct port: the ROM address is annotated on the porting function's docstring/comment in players.py, the gauntpy convention for a one-to-one transcription.",high
0x408A0,mob_probe_right,complete,gauntpy/src/gauntpy/subsystems/players.py :: mob_probe_right,"Direct port: the ROM address is annotated on the porting function's docstring/comment in players.py, the gauntpy convention for a one-to-one transcription.",high
0x40906,shot_mob_collision,complete,gauntpy/src/gauntpy/subsystems/shots.py :: shot_mob_collision,"Direct port: the ROM address is annotated on the porting function's docstring/comment in shots.py, the gauntpy convention for a one-to-one transcription.",high
0x40A78,shot_collision_candidate_core,complete,gauntpy/src/gauntpy/subsystems/shots.py :: shot_collision_candidate_core,"Direct port: the ROM address is annotated on the porting function's docstring/comment in shots.py, the gauntpy convention for a one-to-one transcription.",high
0x40C78,find_maze,complete,gauntpy/src/gauntpy/maze.py :: find_maze,"Direct port: the ROM address is annotated on the porting function's docstring/comment in maze.py, the gauntpy convention for a one-to-one transcription.",high
0x40CC4,maze_select_alt_bank,unnecessary,none,"Slapstic bank-switch command leaf. gauntpy reads maze records through gex decode (maze.find_maze / decode_maze), so ROM bank paging has no counterpart.",high
0x40CF2,maze_init,unnecessary,none,"Slapstic bank-switch command leaf. gauntpy reads maze records through gex decode (maze.find_maze / decode_maze), so ROM bank paging has no counterpart.",high
0x40D24,maze_select_bank,unnecessary,none,"Slapstic bank-switch command leaf. gauntpy reads maze records through gex decode (maze.find_maze / decode_maze), so ROM bank paging has no counterpart.",high
0x40D4E,maze_select_bank_special,unnecessary,none,"Slapstic bank-switch command leaf. gauntpy reads maze records through gex decode (maze.find_maze / decode_maze), so ROM bank paging has no counterpart.",high
0x40E6A,monsters_everything,complete,gauntpy/src/gauntpy/subsystems/monsters.py :: monsters_everything,"Direct port: the ROM address is annotated on the porting function's docstring/comment in monsters.py, the gauntpy convention for a one-to-one transcription.",high
0x40FAE,monster_loop_core,complete,gauntpy/src/gauntpy/subsystems/monsters.py :: monsters.monsters_everything (0x40E6A port),"MERGED: the per-monster loop body is inlined in the monsters_everything port. Name-only references at coords.py:245, mob.py:326, players.py:3526.",medium-high
0x4119A,monster_special_handler,complete,gauntpy/src/gauntpy/subsystems/monsters.py :: monster_special_handler,"Direct port: the ROM address is annotated on the porting function's docstring/comment in monsters.py, the gauntpy convention for a one-to-one transcription.",high
0x414A4,monster_update_anim_tile,complete,gauntpy/src/gauntpy/subsystems/monsters.py :: monster_update_anim_tile,"Direct port: the ROM address is annotated on the porting function's docstring/comment in monsters.py, the gauntpy convention for a one-to-one transcription.",high
0x41750,monster_find_and_shoot,complete,gauntpy/src/gauntpy/subsystems/monsters.py :: monster_find_and_shoot,"Direct port: the ROM address is annotated on the porting function's docstring/comment in monsters.py, the gauntpy convention for a one-to-one transcription.",high
0x41B16,find_unused_shot,complete,gauntpy/src/gauntpy/subsystems/monsters.py :: find_unused_shot,"Direct port: the ROM address is annotated on the porting function's docstring/comment in monsters.py, the gauntpy convention for a one-to-one transcription.",high
0x41B52,monster_shooter_in_view,complete,gauntpy/src/gauntpy/subsystems/monsters.py :: monster_shooter_in_view,"Direct port: the ROM address is annotated on the porting function's docstring/comment in monsters.py, the gauntpy convention for a one-to-one transcription.",high
0x41B7E,apply_direction_from_delta,complete,gauntpy/src/gauntpy/subsystems/monsters.py :: apply_direction_from_delta,"Direct port: the ROM address is annotated on the porting function's docstring/comment in monsters.py, the gauntpy convention for a one-to-one transcription.",high
0x41BF0,player_try_move,complete,gauntpy/src/gauntpy/subsystems/players.py :: player_try_move,"Direct port: the ROM address is annotated on the porting function's docstring/comment in players.py, the gauntpy convention for a one-to-one transcription.",high
0x41C30,player_try_move_core,unnecessary,"none (body: players.player_try_move, players.py:4564)",Register re-entry point into player_try_move (0x41BF0); doc/07 lists it as a frameless reentry with no independent behaviour.,high
0x42598,mob_collision_test_preserve_d1_a,unnecessary,"none (body: players.mob_collision_test, 0x52192)",Register/stack ABI variant that falls through into an already ported body; Python calls the single shared helper directly. D1-preserving entry a.,high
0x425B4,mob_collision_test_preserve_d1_b,unnecessary,"none (body: players.mob_collision_test, 0x52192)",Register/stack ABI variant that falls through into an already ported body; Python calls the single shared helper directly. D1-preserving entry b.,high
0x425D0,probe_up,complete,gauntpy/src/gauntpy/subsystems/players.py :: players.mob_probe_up + players._probe_candidate_blocks,MERGED ALIAS. The four probe_* leaves and tile_lookup_core are folded into the mob_probe_* family (players.py:4290-4425) plus _probe_candidate_blocks (players.py:3925). probe_up's 0xF080 top-boundary gate is inlined in player_try_move as _TOP_PLAYER_BOUNDARY_V; comment at players.py:3884 names 0x425D0 explicitly.,high
0x4260C,probe_down,complete,gauntpy/src/gauntpy/subsystems/players.py :: players.mob_probe_down + players._probe_candidate_blocks,MERGED ALIAS into the mob_probe_* family (players.py:4290-4425).,high
0x42648,tile_lookup_core,complete,gauntpy/src/gauntpy/subsystems/players.py :: players._probe_candidate_blocks (players.py:3925),MERGED ALIAS: the shared tile-lookup core of the probe family.,high
0x426D4,probe_left,complete,gauntpy/src/gauntpy/subsystems/players.py :: players.mob_probe_left + players._probe_candidate_blocks,MERGED ALIAS into the mob_probe_* family (players.py:4290-4425).,high
0x4270C,probe_right,complete,gauntpy/src/gauntpy/subsystems/players.py :: players.mob_probe_right + players._probe_candidate_blocks,MERGED ALIAS into the mob_probe_* family (players.py:4290-4425).,high
0x42744,squeeze_through_check,complete,gauntpy/src/gauntpy/subsystems/players.py :: squeeze_through_check,"Direct port: the ROM address is annotated on the porting function's docstring/comment in players.py, the gauntpy convention for a one-to-one transcription.",high
0x427B4,failed_door_post,complete,gauntpy/src/gauntpy/mob.py :: tail of players._push_movable_wall (players.py:4237),MERGED: the pushed-wall migration tail (0x4280E-0x42A64 range).,high
0x4280E,door_traverse_right,partial,players._push_movable_wall (players.py:4237),"Merged into players._push_movable_wall (players.py:4237, docstring 'Push a movable wall one pixel, as 0x4280E-0x42A64 does'), but the port probes with the player mob_probe_* family instead of the ROM's ray_march_* path (0x5E10C/0x5E1D8/0x5E2A2/0x5E35E) that the wall-push arms actually use; blocking semantics can differ at row-0/wrap edges.",medium
0x428A4,door_traverse_left,partial,players._push_movable_wall (players.py:4237),"Merged into players._push_movable_wall (players.py:4237, docstring 'Push a movable wall one pixel, as 0x4280E-0x42A64 does'), but the port probes with the player mob_probe_* family instead of the ROM's ray_march_* path (0x5E10C/0x5E1D8/0x5E2A2/0x5E35E) that the wall-push arms actually use; blocking semantics can differ at row-0/wrap edges.",medium
0x4293A,door_traverse_up,partial,players._push_movable_wall (players.py:4237),"Merged into players._push_movable_wall (players.py:4237, docstring 'Push a movable wall one pixel, as 0x4280E-0x42A64 does'), but the port probes with the player mob_probe_* family instead of the ROM's ray_march_* path (0x5E10C/0x5E1D8/0x5E2A2/0x5E35E) that the wall-push arms actually use; blocking semantics can differ at row-0/wrap edges.",medium
0x429D0,door_traverse_down,partial,players._push_movable_wall (players.py:4237),"Merged into players._push_movable_wall (players.py:4237, docstring 'Push a movable wall one pixel, as 0x4280E-0x42A64 does'), but the port probes with the player mob_probe_* family instead of the ROM's ray_march_* path (0x5E10C/0x5E1D8/0x5E2A2/0x5E35E) that the wall-push arms actually use; blocking semantics can differ at row-0/wrap edges.",medium
0x42A66,g2mainloop,complete,gauntpy/src/gauntpy/mainloop.py :: mainloop.py (module) / mainloop.game_frame,Module-level port; mainloop.py:1 docstring is 'The main loop -- g2mainloop (0x42A66)'. game_frame lists all 28 main-loop calls with ROM addresses (mainloop.py:63-108); tests/test_mainloop.py checks that order against doc/generated/main_loop_contracts.csv.,high
0x42B6A,coincheck,complete,gauntpy/src/gauntpy/session.py :: coincheck,"Direct port: the ROM address is annotated on the porting function's docstring/comment in session.py, the gauntpy convention for a one-to-one transcription.",high
0x42D0A,sound_response,complete,gauntpy/src/gauntpy/mainloop.py :: sound_response,"Direct port: the ROM address is annotated on the porting function's docstring/comment in mainloop.py, the gauntpy convention for a one-to-one transcription.",high
0x42DC8,sound_system_reset,complete,gauntpy/src/gauntpy/subsystems/sound.py :: sound_system_reset,"Direct port: the ROM address is annotated on the porting function's docstring/comment in sound.py, the gauntpy convention for a one-to-one transcription.",high
0x42DF4,character_select_input_update,complete,gauntpy/src/gauntpy/mainloop.py :: character_select_input_update,"Direct port: the ROM address is annotated on the porting function's docstring/comment in mainloop.py, the gauntpy convention for a one-to-one transcription.",high
0x42E9A,maze_randomplace,complete,gauntpy/src/gauntpy/maze.py :: maze.maze_randomplace (maze.py:975),"Direct port of the getrandom(0x3E0)+0x20 then +0x51 mod 0x400 empty-cell walk, including the HIDDENPOT picture draw 0xA728 + (getrandom(6) << 2).",high
0x42F86,eeprom_load_config,complete,gauntpy/src/gauntpy/subsystems/eeprom.py :: eeprom_load_config,"Direct port: the ROM address is annotated on the porting function's docstring/comment in eeprom.py, the gauntpy convention for a one-to-one transcription.",high
0x43192,eeprom_write,complete,gauntpy/src/gauntpy/subsystems/eeprom.py :: eeprom_write,"Direct port: the ROM address is annotated on the porting function's docstring/comment in eeprom.py, the gauntpy convention for a one-to-one transcription.",high
0x431EE,eeprom_periodic_write,complete,gauntpy/src/gauntpy/subsystems/eeprom.py :: eeprom_periodic_write,"Direct port: the ROM address is annotated on the porting function's docstring/comment in eeprom.py, the gauntpy convention for a one-to-one transcription.",high
0x4327A,one_time_init,complete,gauntpy/src/gauntpy/boot.py :: boot.one_time_init (boot.py),Direct port; boot.py:43 cites init_display 0x434C2-0x434EC and boot.py:82-85 the 0x43320 clears. tests/test_boot.py covers it.,high
0x43360,player_resetcounters,complete,gauntpy/src/gauntpy/subsystems/players.py :: player_resetcounters,"Direct port: the ROM address is annotated on the porting function's docstring/comment in players.py, the gauntpy convention for a one-to-one transcription.",high
0x4341E,player_resetall,complete,gauntpy/src/gauntpy/session.py :: player_resetall,"Direct port: the ROM address is annotated on the porting function's docstring/comment in session.py, the gauntpy convention for a one-to-one transcription.",high
0x43486,init_display,complete,gauntpy/src/gauntpy/display.py :: display.init_alpha_color_ram / maze palette half (maze.py:571),"MERGED: the palette half runs from maze.py:571 ('Run the palette half of init_display for a decoded maze', fixed 128-word TITLE palette read at maze.py:163); the alpha half from boot.py:43 and attract.py:552/567.",high
0x436CC,get_random_maze_flags,complete,gauntpy/src/gauntpy/maze.py :: get_random_maze_flags,"Direct port: the ROM address is annotated on the porting function's docstring/comment in maze.py, the gauntpy convention for a one-to-one transcription.",high
0x436FE,maze_load_pickup_config,complete,gauntpy/src/gauntpy/maze.py :: maze.maze_load_pickup_config (maze.py:1263),Direct port with disassembly-verified tier rules (maze.py:1276-1336) that correct doc/04 5.5.,high
0x43826,slapstic_cmd_bitwise,unnecessary,none,"Slapstic bank-switch command leaf. gauntpy reads maze records through gex decode (maze.find_maze / decode_maze), so ROM bank paging has no counterpart.",high
0x438AE,maze_new_level_setup,complete,gauntpy/src/gauntpy/subsystems/exits.py :: maze_new_level_setup,"Direct port: the ROM address is annotated on the porting function's docstring/comment in exits.py, the gauntpy convention for a one-to-one transcription.",high
0x43D8C,maze_scan_objects,complete,gauntpy/src/gauntpy/subsystems/exits.py :: maze_scan_objects,"Direct port: the ROM address is annotated on the porting function's docstring/comment in exits.py, the gauntpy convention for a one-to-one transcription.",high
0x43F68,maze_addrandompickups,partial,maze.place_deferred_thief_pickups (maze.py:989) + maze.maze_randomplace (maze.py:975),"PARTIAL: only the tail is ported. place_deferred_thief_pickups' own docstring cites 0x44166-0x441A6 (returned thief/mugger loot + special_bonus_score recovery). The head -- difficulty/header-scaled random pickup placement and the guaranteed-hidden-potion pity drop at 0x43F8E-0x43FA6 -- is absent. state.level_next_potion (0x904B7E) is cleared at boot.py:85 and decremented at exits.py:1115 but never read; grep shows no maze_randomplace(HIDDENPOT) call anywhere, so HIDDENPOT only arises from decoded maze tokens and shot prizes (shots.py:987). MISSING GAMEPLAY inside a partial port.",high
0x44204,start_attract_to_game,complete,gauntpy/src/gauntpy/session.py :: start_attract_to_game,"Direct port: the ROM address is annotated on the porting function's docstring/comment in session.py, the gauntpy convention for a one-to-one transcription.",high
0x4438E,load_attract_display_tilemap,complete,gauntpy/src/gauntpy/maze.py :: load_attract_display_tilemap,"Direct port: the ROM address is annotated on the porting function's docstring/comment in maze.py, the gauntpy convention for a one-to-one transcription.",high
0x44414,start_attract_screen,complete,gauntpy/src/gauntpy/subsystems/attract.py :: start_attract_screen,"Direct port: the ROM address is annotated on the porting function's docstring/comment in attract.py, the gauntpy convention for a one-to-one transcription.",high
0x44562,main_attract,complete,gauntpy/src/gauntpy/subsystems/attract.py :: main_attract,"Direct port: the ROM address is annotated on the porting function's docstring/comment in attract.py, the gauntpy convention for a one-to-one transcription.",high
0x449CC,attract_noop_hook,unnecessary,none,Deliberate no-op hook (rts only) in the attract chain.,high
0x449D4,attract_demo_init,complete,gauntpy/src/gauntpy/subsystems/attract.py :: attract_demo_init,"Direct port: the ROM address is annotated on the porting function's docstring/comment in attract.py, the gauntpy convention for a one-to-one transcription.",high
0x44A82,game_playfield_init,complete,gauntpy/src/gauntpy/maze.py :: maze.load_attract_display_tilemap (maze.py:130),MERGED: the tilemap load is ported; the raw 0x901480 word writes and the OS vector 0x1D8/0x1DC clears are hardware and intentionally absent.,medium-high
0x44AC2,maze_setupnew,complete,gauntpy/src/gauntpy/maze.py :: maze.load_level (maze.py:1343) + maze.decode_maze,"MERGED: decode + placement + row-0 fill + pickup-config ordering are reproduced in load_level, whose docstring walks maze_new_level_setup's steps 4-10 and cites 0x44B30-0x44B4E.",high
0x44C7E,show_continue_prompt,complete,gauntpy/src/gauntpy/subsystems/players.py :: show_continue_prompt,"Direct port: the ROM address is annotated on the porting function's docstring/comment in players.py, the gauntpy convention for a one-to-one transcription.",high
0x44DB4,show_level_start_screen,complete,gauntpy/src/gauntpy/subsystems/exits.py :: show_level_start_screen,"Direct port: the ROM address is annotated on the porting function's docstring/comment in exits.py, the gauntpy convention for a one-to-one transcription.",high
0x4526A,maze_show,complete,gauntpy/src/gauntpy/display.py :: maze_show,"Direct port: the ROM address is annotated on the porting function's docstring/comment in display.py, the gauntpy convention for a one-to-one transcription.",high
0x4529A,maze_hide,complete,gauntpy/src/gauntpy/subsystems/score.py :: maze_hide,"Direct port: the ROM address is annotated on the porting function's docstring/comment in score.py, the gauntpy convention for a one-to-one transcription.",high
0x452D0,setup_infopanel,complete,gauntpy/src/gauntpy/subsystems/score.py :: setup_infopanel,"Direct port: the ROM address is annotated on the porting function's docstring/comment in score.py, the gauntpy convention for a one-to-one transcription.",high
0x457C0,main_score_display,complete,gauntpy/src/gauntpy/mainloop.py :: main_score_display,"Direct port: the ROM address is annotated on the porting function's docstring/comment in mainloop.py, the gauntpy convention for a one-to-one transcription.",high
0x45866,player_it_label_set,complete,"gauntpy/src/gauntpy/subsystems/monsters.py :: score.write_it_labels, called from monsters._it_tag (monsters.py:2046)",MERGED ALIAS: paired with 0x4590E in one write_it_labels call.,high
0x4590E,player_it_label_clear,complete,"gauntpy/src/gauntpy/subsystems/monsters.py :: score.write_it_labels, called from monsters._it_tag (monsters.py:2046)",MERGED ALIAS: monsters.py:2037 names 0x4590E as the label clear paired with 0x45866's set; both are one write_it_labels call.,high
0x45940,draw_player_score,complete,gauntpy/src/gauntpy/subsystems/score.py :: draw_player_score,"Direct port: the ROM address is annotated on the porting function's docstring/comment in score.py, the gauntpy convention for a one-to-one transcription.",high
0x459A2,draw_player_health,complete,gauntpy/src/gauntpy/subsystems/score.py :: draw_player_health,"Direct port: the ROM address is annotated on the porting function's docstring/comment in score.py, the gauntpy convention for a one-to-one transcription.",high
0x45ACA,player_inv_update,complete,gauntpy/src/gauntpy/subsystems/players.py :: player_inv_update,"Direct port: the ROM address is annotated on the porting function's docstring/comment in players.py, the gauntpy convention for a one-to-one transcription.",high
0x45BE8,string_length,unnecessary,none,C-runtime utility supplied by Python builtins / list slicing. (string_length),high
0x45C00,main_open_doors,complete,gauntpy/src/gauntpy/subsystems/maze_objects.py :: main_open_doors,"Direct port: the ROM address is annotated on the porting function's docstring/comment in maze_objects.py, the gauntpy convention for a one-to-one transcription.",high
0x45E40,maze_place_object,complete,gauntpy/src/gauntpy/maze.py :: maze_place_object,"Direct port: the ROM address is annotated on the porting function's docstring/comment in maze.py, the gauntpy convention for a one-to-one transcription.",high
0x462AE,dragon_reserve_footprint_cell,complete,gauntpy/src/gauntpy/maze.py :: maze._create_generic footprint reservation (maze.py:1109-1133),MERGED: 'Dragons also reserve the other three cells of their 2x2 footprint exactly...' then state.mobs.picture[reserved] = 0x8002 at maze.py:1133.,high
0x4631C,maze_tile_write_at,complete,gauntpy/src/gauntpy/maze.py :: maze_tile_write_at,"Direct port: the ROM address is annotated on the porting function's docstring/comment in maze.py, the gauntpy convention for a one-to-one transcription.",high
0x4664C,main_handle_death,complete,gauntpy/src/gauntpy/mainloop.py :: main_handle_death,"Direct port: the ROM address is annotated on the porting function's docstring/comment in mainloop.py, the gauntpy convention for a one-to-one transcription.",high
0x466F6,main_health_countdown,complete,gauntpy/src/gauntpy/subsystems/players.py :: main_health_countdown,"Direct port: the ROM address is annotated on the porting function's docstring/comment in players.py, the gauntpy convention for a one-to-one transcription.",high
0x46C5E,scroll_to_slot,partial,camera.snap_camera (camera.py:155) -- nearest equivalent only,"PARTIAL: snap_camera centres on the party, not on an arbitrary packed slot. No slot-parameterised entry exists. maze.load_level's docstring (maze.py:1370-1376) explicitly defers 'scroll-to-slot camera centering' to another work package. No address or name reference in src or tests.",medium
0x46CAA,main_scroll_playfield,complete,gauntpy/src/gauntpy/mainloop.py :: main_scroll_playfield,"Direct port: the ROM address is annotated on the porting function's docstring/comment in mainloop.py, the gauntpy convention for a one-to-one transcription.",high
0x46F56,set_scroll_pos,complete,gauntpy/src/gauntpy/camera.py :: camera.set_scroll_pos,Direct port.,high
0x46FEA,main_handle_potions,complete,gauntpy/src/gauntpy/mainloop.py :: main_handle_potions,"Direct port: the ROM address is annotated on the porting function's docstring/comment in mainloop.py, the gauntpy convention for a one-to-one transcription.",high
0x4715E,main_score_update,complete,gauntpy/src/gauntpy/subsystems/score.py :: main_score_update,"Direct port: the ROM address is annotated on the porting function's docstring/comment in score.py, the gauntpy convention for a one-to-one transcription.",high
0x474F6,main_handle_shots,complete,gauntpy/src/gauntpy/subsystems/shots.py :: main_handle_shots,"Direct port: the ROM address is annotated on the porting function's docstring/comment in shots.py, the gauntpy convention for a one-to-one transcription.",high
0x47C0E,tport_cycle_start,complete,gauntpy/src/gauntpy/subsystems/shots.py :: tport_cycle_start,"Direct port: the ROM address is annotated on the porting function's docstring/comment in shots.py, the gauntpy convention for a one-to-one transcription.",high
0x47CFE,handle_tport,complete,gauntpy/src/gauntpy/subsystems/players.py :: handle_tport,"Direct port: the ROM address is annotated on the porting function's docstring/comment in players.py, the gauntpy convention for a one-to-one transcription.",high
0x47DAE,shot_impact_spawn,complete,gauntpy/src/gauntpy/subsystems/shots.py :: shot_impact_spawn,"Direct port: the ROM address is annotated on the porting function's docstring/comment in shots.py, the gauntpy convention for a one-to-one transcription.",high
0x47FAC,open_timed_doors,complete,gauntpy/src/gauntpy/subsystems/players.py :: open_timed_doors,"Direct port: the ROM address is annotated on the porting function's docstring/comment in players.py, the gauntpy convention for a one-to-one transcription.",high
0x4800C,main_start_game,complete,gauntpy/src/gauntpy/subsystems/exits.py :: main_start_game,"Direct port: the ROM address is annotated on the porting function's docstring/comment in exits.py, the gauntpy convention for a one-to-one transcription.",high
0x486FE,secret_check,complete,gauntpy/src/gauntpy/subsystems/exits.py :: secret_check,"Direct port: the ROM address is annotated on the porting function's docstring/comment in exits.py, the gauntpy convention for a one-to-one transcription.",high
0x48754,speech_welcome,complete,gauntpy/src/gauntpy/subsystems/players.py :: speech_welcome,"Direct port: the ROM address is annotated on the porting function's docstring/comment in players.py, the gauntpy convention for a one-to-one transcription.",high
0x487CA,player_lowhealth,complete,gauntpy/src/gauntpy/subsystems/players.py :: player_lowhealth,"Direct port: the ROM address is annotated on the porting function's docstring/comment in players.py, the gauntpy convention for a one-to-one transcription.",high
0x488CA,player_coindrop,complete,gauntpy/src/gauntpy/session.py :: player_coindrop,"Direct port: the ROM address is annotated on the porting function's docstring/comment in session.py, the gauntpy convention for a one-to-one transcription.",high
0x489B8,remove_dying_player_sprites,complete,gauntpy/src/gauntpy/subsystems/exits.py :: exits.player_exit_sequence sprite teardown (exits.py:1055-1081),"MERGED: unlinks the exit anim slot (exits.py:1061) and the hero slot (1073) and zeroes player.anim_counter (1079, '# 0x52DAE'). The ROM calls this from five sites inside show_level_end_bonus_screen (0x4D6A6/0x4D6F2/0x4D7C0/0x4D816/0x4D846) per control_targets.csv; the port performs the equivalent teardown on the exit path instead.",medium
0x48A36,player_join_finalize,complete,gauntpy/src/gauntpy/subsystems/players.py :: player_join_finalize,"Direct port: the ROM address is annotated on the porting function's docstring/comment in players.py, the gauntpy convention for a one-to-one transcription.",high
0x48B58,update_monster_spawn_bonus_from_score_per_coin,complete,gauntpy/src/gauntpy/subsystems/exits.py :: update_monster_spawn_bonus_from_score_per_coin,"Direct port: the ROM address is annotated on the porting function's docstring/comment in exits.py, the gauntpy convention for a one-to-one transcription.",high
0x48BB6,player_join,complete,gauntpy/src/gauntpy/subsystems/players.py :: player_join,"Direct port: the ROM address is annotated on the porting function's docstring/comment in players.py, the gauntpy convention for a one-to-one transcription.",high
0x48BEC,player_start_inner,complete,gauntpy/src/gauntpy/session.py :: player_start_inner,"Direct port: the ROM address is annotated on the porting function's docstring/comment in session.py, the gauntpy convention for a one-to-one transcription.",high
0x48F12,tile_occupancy_test,complete,gauntpy/src/gauntpy/subsystems/monsters.py :: tile_occupancy_test,"Direct port: the ROM address is annotated on the porting function's docstring/comment in monsters.py, the gauntpy convention for a one-to-one transcription.",high
0x49034,main_move_monsters,complete,gauntpy/src/gauntpy/subsystems/monsters.py :: main_move_monsters,"Direct port: the ROM address is annotated on the porting function's docstring/comment in monsters.py, the gauntpy convention for a one-to-one transcription.",high
0x490DC,monster_create_shot,complete,gauntpy/src/gauntpy/subsystems/shots.py :: monster_create_shot,"Direct port: the ROM address is annotated on the porting function's docstring/comment in shots.py, the gauntpy convention for a one-to-one transcription.",high
0x492C0,handle_generate,complete,gauntpy/src/gauntpy/subsystems/monsters.py :: handle_generate,"Direct port: the ROM address is annotated on the porting function's docstring/comment in monsters.py, the gauntpy convention for a one-to-one transcription.",high
0x49446,death_potion_score,complete,gauntpy/src/gauntpy/subsystems/potions.py :: potions._DEATH_POTION_SCORE / _DEATH_POTION_POPUP (potions.py:73-74),MERGED: score/popup tables transcribed and consumed around potions.py:300.,high
0x49498,playfield_showscore,complete,gauntpy/src/gauntpy/subsystems/shots.py :: playfield_showscore,"Direct port: the ROM address is annotated on the porting function's docstring/comment in shots.py, the gauntpy convention for a one-to-one transcription.",high
0x495A6,monster_playerhit,complete,gauntpy/src/gauntpy/subsystems/monsters.py :: monster_playerhit,"Direct port: the ROM address is annotated on the porting function's docstring/comment in monsters.py, the gauntpy convention for a one-to-one transcription.",high
0x49A3C,death_damage_accumulate,complete,gauntpy/src/gauntpy/subsystems/shots.py :: death_damage_accumulate,"Direct port: the ROM address is annotated on the porting function's docstring/comment in shots.py, the gauntpy convention for a one-to-one transcription.",high
0x49A98,player_hurt_speech_timer,missing_gameplay,none,"MISSING GAMEPLAY: per-player randomized hurt-speech cooldown. Decrements hurt_speech_timer (RAM 0x904AFA); on expiry selects a class-specific hurt voice line (suppressed while acid-slowed) from character_hurt_sound_banks (0x57AAE) / character_hurt_sound_ptrs (0x57B3C) / character_hurt_sound_counts (0x57B4C), then reloads from hurt_speech_cooldown_base (0x57B32 = {0,8,12,14,20} by level_players_active). Called from monster_playerhit (0x498D0) per doc/generated/control_targets.csv. No hurt_speech_timer field in state.py; zero references to hurt speech in gauntpy/src or gauntpy/tests; monsters.monster_playerhit (0x495A6 port) never invokes it. No ISSUES.md entry tracks it. Audio-only effect.",high
0x49B44,ascii_to_alpha_glyph,complete,gauntpy/src/gauntpy/display.py :: display.alpha_word (display.py:507) + glyph map at display.py:529,MERGED ALIAS: ASCII->alpha glyph conversion folded into the alpha writers; OS large_character_glyph_index_map is transcribed at display.py:529.,medium-high
0x49BD0,highscore_table_init,complete,gauntpy/src/gauntpy/subsystems/score.py :: highscore_table_init,"Direct port: the ROM address is annotated on the porting function's docstring/comment in score.py, the gauntpy convention for a one-to-one transcription.",high
0x49D0E,highscore_check,complete,gauntpy/src/gauntpy/subsystems/players.py :: highscore_check,"Direct port: the ROM address is annotated on the porting function's docstring/comment in players.py, the gauntpy convention for a one-to-one transcription.",high
0x49DE6,player_death_sequence,complete,gauntpy/src/gauntpy/subsystems/players.py :: player_death_sequence,"Direct port: the ROM address is annotated on the porting function's docstring/comment in players.py, the gauntpy convention for a one-to-one transcription.",high
0x4A124,attract_highscores,complete,gauntpy/src/gauntpy/subsystems/score.py :: attract_highscores,"Direct port: the ROM address is annotated on the porting function's docstring/comment in score.py, the gauntpy convention for a one-to-one transcription.",high
0x4A2CA,draw_player_initials_entry,complete,gauntpy/src/gauntpy/subsystems/score.py :: draw_player_initials_entry,"Direct port: the ROM address is annotated on the porting function's docstring/comment in score.py, the gauntpy convention for a one-to-one transcription.",high
0x4A44A,name_entry_draw_large_char,complete,gauntpy/src/gauntpy/display.py :: display.write_alpha_large_char (display.py:561),MERGED ALIAS: used by display.display_large_text (display.py:555) and imported by score.py:44 for the initials-entry screen.,high
0x4A53A,main_move_players,complete,gauntpy/src/gauntpy/subsystems/players.py :: main_move_players,"Direct port: the ROM address is annotated on the porting function's docstring/comment in players.py, the gauntpy convention for a one-to-one transcription.",high
0x4AD4E,sound_speech_play,complete,gauntpy/src/gauntpy/subsystems/sound.py :: sound_speech_play,"Direct port: the ROM address is annotated on the porting function's docstring/comment in sound.py, the gauntpy convention for a one-to-one transcription.",high
0x4AD76,sound_play,complete,gauntpy/src/gauntpy/subsystems/sound.py :: sound_play,"Direct port: the ROM address is annotated on the porting function's docstring/comment in sound.py, the gauntpy convention for a one-to-one transcription.",high
0x4ADAE,sound_queue_reset,complete,gauntpy/src/gauntpy/subsystems/sound.py :: sound_queue_reset,"Direct port: the ROM address is annotated on the porting function's docstring/comment in sound.py, the gauntpy convention for a one-to-one transcription.",high
0x4ADD6,enqueue_sound,complete,gauntpy/src/gauntpy/subsystems/sound.py :: enqueue_sound,"Direct port: the ROM address is annotated on the porting function's docstring/comment in sound.py, the gauntpy convention for a one-to-one transcription.",high
0x4AE20,main_update_sound,complete,gauntpy/src/gauntpy/subsystems/sound.py :: main_update_sound,"Direct port: the ROM address is annotated on the porting function's docstring/comment in sound.py, the gauntpy convention for a one-to-one transcription.",high
0x4AEA0,shot_onscreen_check,complete,gauntpy/src/gauntpy/subsystems/shots.py :: shot_onscreen_check,"Direct port: the ROM address is annotated on the porting function's docstring/comment in shots.py, the gauntpy convention for a one-to-one transcription.",high
0x4AF50,resolve_shot_hit,complete,gauntpy/src/gauntpy/subsystems/shots.py :: resolve_shot_hit,"Direct port: the ROM address is annotated on the porting function's docstring/comment in shots.py, the gauntpy convention for a one-to-one transcription.",high
0x4BE24,level_splash,complete,gauntpy/src/gauntpy/subsystems/exits.py :: exits.show_level_start_screen (exits.py:1189) + exits._write_secret_hint (exits.py:461),"MERGED ALIAS: writes romtext.TEXT_LEVEL_SPLASH at exits.py:1189; the secret_need_hint branch (ROM 0x4C04E-0x4C108, hint pointers 0x59786/0x597D8) is ported as _write_secret_hint with romtext.SECRET_OBJECTIVE_HINTS; the header byte read at 0x4C084 is exits.py:452.",high
0x4C1BC,maze_decode,complete,gauntpy/src/gauntpy/maze.py :: maze_decode,"Direct port: the ROM address is annotated on the porting function's docstring/comment in maze.py, the gauntpy convention for a one-to-one transcription.",high
0x4C440,dialog_first_encounter,complete,gauntpy/src/gauntpy/subsystems/shots.py :: dialog_first_encounter,"Direct port: the ROM address is annotated on the porting function's docstring/comment in shots.py, the gauntpy convention for a one-to-one transcription.",high
0x4C70A,dialog_clear_message,complete,gauntpy/src/gauntpy/subsystems/score.py :: dialog_clear_message,"Direct port: the ROM address is annotated on the porting function's docstring/comment in score.py, the gauntpy convention for a one-to-one transcription.",high
0x4C72A,player_give_item_with_message,complete,gauntpy/src/gauntpy/subsystems/players.py :: player_give_item_with_message,"Direct port: the ROM address is annotated on the porting function's docstring/comment in players.py, the gauntpy convention for a one-to-one transcription.",high
0x4C9A2,demo_speech_cmd,complete,gauntpy/src/gauntpy/subsystems/score.py :: score.demo_message_show (score.py:780),Direct port; docstring '0x4C9A2 -- display one recorded attract-demo tip'.,high
0x4CB50,dialog_position_box,complete,gauntpy/src/gauntpy/state.py :: dialog_position_box,"Direct port: the ROM address is annotated on the porting function's docstring/comment in state.py, the gauntpy convention for a one-to-one transcription.",high
0x4CCBC,main_msgbox_countdown,complete,gauntpy/src/gauntpy/subsystems/score.py :: main_msgbox_countdown,"Direct port: the ROM address is annotated on the porting function's docstring/comment in score.py, the gauntpy convention for a one-to-one transcription.",high
0x4CD1C,load_legend_page,complete,gauntpy/src/gauntpy/subsystems/attract.py :: load_legend_page,"Direct port: the ROM address is annotated on the porting function's docstring/comment in attract.py, the gauntpy convention for a one-to-one transcription.",high
0x4CDB8,draw_legend_monsters_page,complete,gauntpy/src/gauntpy/subsystems/attract.py :: attract._write_legend_alpha + attract._adjust_legend_monster_mobs,MERGED ALIAS with romtext.LEGEND_MONSTER_ROWS.,high
0x4CFAE,draw_legend_overview_page,complete,gauntpy/src/gauntpy/subsystems/attract.py :: attract._write_legend_alpha (overview page),MERGED ALIAS with romtext.LEGEND_CREDITS_TEXT.,high
0x4CFDA,draw_legend_rules_page,complete,gauntpy/src/gauntpy/subsystems/attract.py :: attract._write_legend_alpha + attract._adjust_legend_rules_mobs,MERGED ALIAS with romtext.LEGEND_RULES_TEXT; romtext.py:234 names 0x4CFDA as the consumer of the linked descriptor records.,high
0x4D12E,alpha_clear_rect,complete,gauntpy/src/gauntpy/display.py :: display.fill_alpha_rect,MERGED ALIAS. FIDELITY.md #32 documents the deliberate argument-order difference.,high
0x4D1A4,secret_bonus_earned,complete,gauntpy/src/gauntpy/subsystems/exits.py :: secret_bonus_earned,"Direct port: the ROM address is annotated on the porting function's docstring/comment in exits.py, the gauntpy convention for a one-to-one transcription.",high
0x4D29E,main_treasure_timer,complete,gauntpy/src/gauntpy/subsystems/exits.py :: main_treasure_timer,"Direct port: the ROM address is annotated on the porting function's docstring/comment in exits.py, the gauntpy convention for a one-to-one transcription.",high
0x4D476,show_level_end_bonus_screen,complete,gauntpy/src/gauntpy/subsystems/exits.py :: show_level_end_bonus_screen,"Direct port: the ROM address is annotated on the porting function's docstring/comment in exits.py, the gauntpy convention for a one-to-one transcription.",high
0x4D900,player_activecount,complete,gauntpy/src/gauntpy/subsystems/exits.py :: player_activecount,"Direct port: the ROM address is annotated on the porting function's docstring/comment in exits.py, the gauntpy convention for a one-to-one transcription.",high
0x4D956,scroll_apply,complete,gauntpy/src/gauntpy/subsystems/attract.py :: scroll_apply,"Direct port: the ROM address is annotated on the porting function's docstring/comment in attract.py, the gauntpy convention for a one-to-one transcription.",high
0x4DA3E,title_logo_init,complete,gauntpy/src/gauntpy/subsystems/attract.py :: title_logo_init,"Direct port: the ROM address is annotated on the porting function's docstring/comment in attract.py, the gauntpy convention for a one-to-one transcription.",high
0x4DCBA,main_logo_updcolors,complete,gauntpy/src/gauntpy/subsystems/attract.py :: main_logo_updcolors,"Direct port: the ROM address is annotated on the porting function's docstring/comment in attract.py, the gauntpy convention for a one-to-one transcription.",high
0x4DE76,score_screen_color_cycle,partial,inline in attract.main_logo_updcolors (SCORES arm),"PARTIAL: the port rotates alpha_color_ram[144:160] wholesale every 16th frame; the ROM's documented shape is 'shift 11 entries, restore 4'. Cosmetic hue-cycle phase differs.",medium
0x4DEB8,main_start_thief,complete,gauntpy/src/gauntpy/subsystems/thief.py :: main_start_thief,"Direct port: the ROM address is annotated on the porting function's docstring/comment in thief.py, the gauntpy convention for a one-to-one transcription.",high
0x4DFF6,thief_target_calc,complete,gauntpy/src/gauntpy/subsystems/thief.py :: thief_target_calc,"Direct port: the ROM address is annotated on the porting function's docstring/comment in thief.py, the gauntpy convention for a one-to-one transcription.",high
0x4E122,thief_exit,complete,gauntpy/src/gauntpy/subsystems/thief.py :: thief_exit,"Direct port: the ROM address is annotated on the porting function's docstring/comment in thief.py, the gauntpy convention for a one-to-one transcription.",high
0x4E172,thief_end_dodge,complete,gauntpy/src/gauntpy/subsystems/thief.py :: thief_end_dodge,"Direct port: the ROM address is annotated on the porting function's docstring/comment in thief.py, the gauntpy convention for a one-to-one transcription.",high
0x4E1B8,thief_begin_dodge,complete,gauntpy/src/gauntpy/subsystems/thief.py :: thief_begin_dodge,"Direct port: the ROM address is annotated on the porting function's docstring/comment in thief.py, the gauntpy convention for a one-to-one transcription.",high
0x4E1FE,thief_steal_from_player,complete,gauntpy/src/gauntpy/subsystems/thief.py :: thief_steal_from_player,"Direct port: the ROM address is annotated on the porting function's docstring/comment in thief.py, the gauntpy convention for a one-to-one transcription.",high
0x4E432,thief_setup,complete,gauntpy/src/gauntpy/subsystems/thief.py :: thief_setup,"Direct port: the ROM address is annotated on the porting function's docstring/comment in thief.py, the gauntpy convention for a one-to-one transcription.",high
0x4E4D8,thief_timer_set,complete,gauntpy/src/gauntpy/subsystems/thief.py :: thief_timer_set,"Direct port: the ROM address is annotated on the porting function's docstring/comment in thief.py, the gauntpy convention for a one-to-one transcription.",high
0x4E630,thief_track_victim_move,complete,gauntpy/src/gauntpy/subsystems/thief.py :: thief_track_victim_move,"Direct port: the ROM address is annotated on the porting function's docstring/comment in thief.py, the gauntpy convention for a one-to-one transcription.",high
0x4E684,tport_route_connect,complete,gauntpy/src/gauntpy/subsystems/thief.py :: tport_route_connect,"Direct port: the ROM address is annotated on the porting function's docstring/comment in thief.py, the gauntpy convention for a one-to-one transcription.",high
0x4E73A,tport_route_connect_if_empty,complete,gauntpy/src/gauntpy/subsystems/thief.py :: tport_route_connect_if_empty,"Direct port: the ROM address is annotated on the porting function's docstring/comment in thief.py, the gauntpy convention for a one-to-one transcription.",high
0x4E7C0,tport_find_id,complete,gauntpy/src/gauntpy/subsystems/thief.py :: tport_find_id,"Direct port: the ROM address is annotated on the porting function's docstring/comment in thief.py, the gauntpy convention for a one-to-one transcription.",high
0x4E7FC,thief_test_move_tile,partial,"thief.thief_handle_tile_collision (thief.py:705, port of 0x4F742) + thief.thief_enter_tport (thief.py:760)","PARTIAL: transporter entry and blocked-direction tests are covered by the 0x4F742 port, but the documented corner-squeeze arm has no counterpart. The only 'corner' logic in thief.py is line 273 (0x4F912 route recovery), a different routine. Asymmetric with the player side, where corner_squeeze_geometry (0x4FEB2) IS ported.",medium-high
0x4E8DC,main_thief_anim,complete,gauntpy/src/gauntpy/mainloop.py :: main_thief_anim,"Direct port: the ROM address is annotated on the porting function's docstring/comment in mainloop.py, the gauntpy convention for a one-to-one transcription.",high
0x4EE0A,thief_probe_axis,complete,gauntpy/src/gauntpy/subsystems/thief.py :: thief._move_thief_axis (thief.py:816),MERGED ALIAS.,high
0x4EE7A,thief_move_engine,complete,gauntpy/src/gauntpy/subsystems/thief.py :: thief_move_engine,"Direct port: the ROM address is annotated on the porting function's docstring/comment in thief.py, the gauntpy convention for a one-to-one transcription.",high
0x4F5C8,thief_remove_and_drop_loot,complete,gauntpy/src/gauntpy/subsystems/thief.py :: thief_remove_and_drop_loot,"Direct port: the ROM address is annotated on the porting function's docstring/comment in thief.py, the gauntpy convention for a one-to-one transcription.",high
0x4F742,thief_handle_tile_collision,complete,gauntpy/src/gauntpy/subsystems/thief.py :: thief.thief_handle_tile_collision (thief.py:705),"Direct port; note this is 0x4F742, NOT thief_test_move_tile (0x4E7FC).",high
0x4F912,thief_compute_path,complete,gauntpy/src/gauntpy/subsystems/thief.py :: thief_compute_path,"Direct port: the ROM address is annotated on the porting function's docstring/comment in thief.py, the gauntpy convention for a one-to-one transcription.",high
0x4FAD4,thief_enter_tport,complete,gauntpy/src/gauntpy/subsystems/thief.py :: thief_enter_tport,"Direct port: the ROM address is annotated on the porting function's docstring/comment in thief.py, the gauntpy convention for a one-to-one transcription.",high
0x4FBFC,thief_start_tport_anim,complete,gauntpy/src/gauntpy/subsystems/thief.py :: thief_start_tport_anim,"Direct port: the ROM address is annotated on the porting function's docstring/comment in thief.py, the gauntpy convention for a one-to-one transcription.",high
0x4FCF0,thief_find_aligned_shooter,complete,gauntpy/src/gauntpy/subsystems/thief.py :: thief_find_aligned_shooter,"Direct port: the ROM address is annotated on the porting function's docstring/comment in thief.py, the gauntpy convention for a one-to-one transcription.",high
0x4FEB2,corner_squeeze_geometry,complete,gauntpy/src/gauntpy/subsystems/players.py :: corner_squeeze_geometry,"Direct port: the ROM address is annotated on the porting function's docstring/comment in players.py, the gauntpy convention for a one-to-one transcription.",high
0x50224,player_tport,complete,gauntpy/src/gauntpy/subsystems/players.py :: player_tport,"Direct port: the ROM address is annotated on the porting function's docstring/comment in players.py, the gauntpy convention for a one-to-one transcription.",high
0x50616,tport_player_flash,complete,gauntpy/src/gauntpy/subsystems/players.py :: tport_player_flash,"Direct port: the ROM address is annotated on the porting function's docstring/comment in players.py, the gauntpy convention for a one-to-one transcription.",high
0x50662,tport_player_move,complete,gauntpy/src/gauntpy/subsystems/players.py :: tport_player_move,"Direct port: the ROM address is annotated on the porting function's docstring/comment in players.py, the gauntpy convention for a one-to-one transcription.",high
0x50ADE,tport_check_dest,complete,gauntpy/src/gauntpy/subsystems/players.py :: tport_check_dest,"Direct port: the ROM address is annotated on the porting function's docstring/comment in players.py, the gauntpy convention for a one-to-one transcription.",high
0x50B88,tport_restore_player_picture,complete,gauntpy/src/gauntpy/state.py :: tport_restore_player_picture,"Direct port: the ROM address is annotated on the porting function's docstring/comment in state.py, the gauntpy convention for a one-to-one transcription.",high
0x50BB8,scan_move_path_interactions,complete,gauntpy/src/gauntpy/subsystems/players.py :: players.tport_arrival_interact (players.py:1442),Direct port; docstring '0x50BB8 -- interact with the four cells around a transporter landing'.,high
0x50C7A,resolve_move_tile_interaction,complete,gauntpy/src/gauntpy/subsystems/players.py :: players._move_player_to_slot,MERGED ALIAS including the recursive thief-cleanup retry.,high
0x50D14,nearby_mob_clearance_test,complete,gauntpy/src/gauntpy/subsystems/players.py :: nearby_mob_clearance_test,"Direct port: the ROM address is annotated on the porting function's docstring/comment in players.py, the gauntpy convention for a one-to-one transcription.",high
0x50E34,player_damage_sample_update,complete,gauntpy/src/gauntpy/subsystems/players.py :: player_damage_sample_update,"Direct port: the ROM address is annotated on the porting function's docstring/comment in players.py, the gauntpy convention for a one-to-one transcription.",high
0x50FD2,path_grid_set_low_direction,complete,gauntpy/src/gauntpy/subsystems/thief.py :: path_grid_set_low_direction,"Direct port: the ROM address is annotated on the porting function's docstring/comment in thief.py, the gauntpy convention for a one-to-one transcription.",high
0x51000,path_grid_set_high_direction_if_empty,complete,gauntpy/src/gauntpy/subsystems/thief.py :: path_grid_set_high_direction_if_empty,"Direct port: the ROM address is annotated on the porting function's docstring/comment in thief.py, the gauntpy convention for a one-to-one transcription.",high
0x5103E,path_grid_get_direction,complete,gauntpy/src/gauntpy/subsystems/thief.py :: path_grid_get_direction,"Direct port: the ROM address is annotated on the porting function's docstring/comment in thief.py, the gauntpy convention for a one-to-one transcription.",high
0x5107A,tport_route_write_pair,complete,gauntpy/src/gauntpy/subsystems/thief.py :: thief.tport_route_connect (0x4E684),MERGED ALIAS: route pair write.,high
0x510BC,tport_route_read_pair,complete,gauntpy/src/gauntpy/subsystems/thief.py :: thief.tport_route_connect_if_empty (0x4E73A),MERGED ALIAS: route pair read.,high
0x510FC,calc_direction,complete,gauntpy/src/gauntpy/subsystems/thief.py :: calc_direction,"Direct port: the ROM address is annotated on the porting function's docstring/comment in thief.py, the gauntpy convention for a one-to-one transcription.",high
0x511AC,player_tile_interact,complete,gauntpy/src/gauntpy/subsystems/players.py :: player_tile_interact,"Direct port: the ROM address is annotated on the porting function's docstring/comment in players.py, the gauntpy convention for a one-to-one transcription.",high
0x51E80,door_record_endpoints,complete,gauntpy/src/gauntpy/subsystems/players.py :: door_record_endpoints,"Direct port: the ROM address is annotated on the porting function's docstring/comment in players.py, the gauntpy convention for a one-to-one transcription.",high
0x51FAE,door_scan_vertical_endpoints,complete,gauntpy/src/gauntpy/subsystems/players.py :: inline vertical scan in players.door_open_start (players.py:1543-1571),MERGED ALIAS.,high
0x5207C,door_scan_horizontal_endpoints,complete,gauntpy/src/gauntpy/subsystems/players.py :: inline horizontal scan in players.door_open_start (players.py:1543-1571),MERGED ALIAS.,high
0x5214C,player_add_score_with_mult,complete,gauntpy/src/gauntpy/subsystems/players.py :: player_add_score_with_mult,"Direct port: the ROM address is annotated on the porting function's docstring/comment in players.py, the gauntpy convention for a one-to-one transcription.",high
0x52192,mob_collision_test,complete,gauntpy/src/gauntpy/subsystems/players.py :: mob_collision_test,"Direct port: the ROM address is annotated on the porting function's docstring/comment in players.py, the gauntpy convention for a one-to-one transcription.",high
0x5287C,main_exit_move,complete,gauntpy/src/gauntpy/subsystems/exits.py :: main_exit_move,"Direct port: the ROM address is annotated on the porting function's docstring/comment in exits.py, the gauntpy convention for a one-to-one transcription.",high
0x52B06,exit_get_id,complete,gauntpy/src/gauntpy/subsystems/exits.py :: exit_get_id,"Direct port: the ROM address is annotated on the porting function's docstring/comment in exits.py, the gauntpy convention for a one-to-one transcription.",high
0x52B40,player_exit_sequence,complete,gauntpy/src/gauntpy/subsystems/exits.py :: player_exit_sequence,"Direct port: the ROM address is annotated on the porting function's docstring/comment in exits.py, the gauntpy convention for a one-to-one transcription.",high
0x52ECA,maze_checknum,complete,gauntpy/src/gauntpy/subsystems/exits.py :: maze_checknum,"Direct port: the ROM address is annotated on the porting function's docstring/comment in exits.py, the gauntpy convention for a one-to-one transcription.",high
0x52F26,maze_forcefield_setup,complete,gauntpy/src/gauntpy/subsystems/maze_objects.py :: maze_forcefield_setup,"Direct port: the ROM address is annotated on the porting function's docstring/comment in maze_objects.py, the gauntpy convention for a one-to-one transcription.",high
0x52FBE,consume_forcefield_code,complete,gauntpy/src/gauntpy/subsystems/maze_objects.py :: consume_forcefield_code,"Direct port: the ROM address is annotated on the porting function's docstring/comment in maze_objects.py, the gauntpy convention for a one-to-one transcription.",high
0x5303A,wall_crumble,complete,gauntpy/src/gauntpy/subsystems/shots.py :: wall_crumble,"Direct port: the ROM address is annotated on the porting function's docstring/comment in shots.py, the gauntpy convention for a one-to-one transcription.",high
0x5317C,game_options_display,unnecessary,none,Four instructions handing descriptor stream 0x5318C to OS API 0x248 to draw the operator options screen. eeprom.py:3 states the operator menus are deliberately out of scope; only the options word 0x904A24 matters and it is modelled in state.game_settings.,high
0x53346,check_forcefield_collision,complete,gauntpy/src/gauntpy/subsystems/players.py :: check_forcefield_collision,"Direct port: the ROM address is annotated on the porting function's docstring/comment in players.py, the gauntpy convention for a one-to-one transcription.",high
0x53398,forcefield_segments_setup,complete,gauntpy/src/gauntpy/subsystems/maze_objects.py :: forcefield_segments_setup,"Direct port: the ROM address is annotated on the porting function's docstring/comment in maze_objects.py, the gauntpy convention for a one-to-one transcription.",high
0x53666,player_create_shot,complete,gauntpy/src/gauntpy/subsystems/players.py :: player_create_shot,"Direct port: the ROM address is annotated on the porting function's docstring/comment in players.py, the gauntpy convention for a one-to-one transcription.",high
0x53818,shot_reflect_calc,complete,gauntpy/src/gauntpy/subsystems/shots.py :: shot_reflect_calc,"Direct port: the ROM address is annotated on the porting function's docstring/comment in shots.py, the gauntpy convention for a one-to-one transcription.",high
0x53D10,dragon_update_segments,complete,gauntpy/src/gauntpy/subsystems/dragon.py :: dragon.py (module) / dragon.dragon_update_segments,Module-level port; dragon.py:3 states the data and state transitions are transcribed from 0x53D10-0x549E8.,high
0x53E4A,dragon_choose_move_direction,complete,gauntpy/src/gauntpy/subsystems/dragon.py :: dragon_choose_move_direction,"Direct port: the ROM address is annotated on the porting function's docstring/comment in dragon.py, the gauntpy convention for a one-to-one transcription.",high
0x540E8,dragon_find_free_shot_slot,complete,gauntpy/src/gauntpy/subsystems/shots.py :: dragon_find_free_shot_slot,"Direct port: the ROM address is annotated on the porting function's docstring/comment in shots.py, the gauntpy convention for a one-to-one transcription.",high
0x54112,dragon_shot_hit,complete,gauntpy/src/gauntpy/subsystems/dragon.py :: dragon_shot_hit,"Direct port: the ROM address is annotated on the porting function's docstring/comment in dragon.py, the gauntpy convention for a one-to-one transcription.",high
0x54454,main_handle_dragon,complete,gauntpy/src/gauntpy/mainloop.py :: main_handle_dragon,"Direct port: the ROM address is annotated on the porting function's docstring/comment in mainloop.py, the gauntpy convention for a one-to-one transcription.",high
0x545FA,dragon_head_pose_update,complete,gauntpy/src/gauntpy/subsystems/dragon.py :: dragon._update_dragon_pose (dragon.py:223),"Direct port; docstring '0x545FA--0x546A4 -- publish the current head picture and hitbox origin'. NOTE: this is the 322nd row, added to the catalog in commit fab85b7 -- the doc prose still says 321.",high
0x54748,dragon_fire_setup,complete,gauntpy/src/gauntpy/subsystems/dragon.py :: dragon_fire_setup,"Direct port: the ROM address is annotated on the porting function's docstring/comment in dragon.py, the gauntpy convention for a one-to-one transcription.",high
0x5496E,dragon_setup_segments,complete,gauntpy/src/gauntpy/subsystems/dragon.py :: dragon.setup_dragon_segments (dragon.py:134),Direct port; docstring '0x5496E -- initialize the four-slot 2x2 dragon footprint'.,high
0x549EA,dragon_player_proximity,complete,gauntpy/src/gauntpy/subsystems/dragon.py :: dragon_player_proximity,"Direct port: the ROM address is annotated on the porting function's docstring/comment in dragon.py, the gauntpy convention for a one-to-one transcription.",high
0x54AF8,dragon_any_segment_near_screen,complete,gauntpy/src/gauntpy/subsystems/dragon.py :: dragon.dragon_any_segment_near_screen (dragon.py:282),Direct port; also consumed by potions.py:216.,high
0x54B68,dragon_shot_hitbox_adjust,complete,gauntpy/src/gauntpy/subsystems/shots.py :: shots._DRAGON_HITBOX_WIDTH / _DRAGON_HITBOX_SPAN (shots.py:220-221),MERGED: hitbox adjustment folded into the shot-collision tables.,high
0x54BE0,secret_code_build,complete,gauntpy/src/gauntpy/subsystems/players.py :: secret_code_build,"Direct port: the ROM address is annotated on the porting function's docstring/comment in players.py, the gauntpy convention for a one-to-one transcription.",high
0x54EC6,secret_getname,complete,gauntpy/src/gauntpy/subsystems/players.py :: secret_getname,"Direct port: the ROM address is annotated on the porting function's docstring/comment in players.py, the gauntpy convention for a one-to-one transcription.",high
0x54FE8,secret_name_entry_update,complete,gauntpy/src/gauntpy/subsystems/players.py :: secret_name_entry_update,"Direct port: the ROM address is annotated on the porting function's docstring/comment in players.py, the gauntpy convention for a one-to-one transcription.",high
0x55440,name_entry_step_char,complete,gauntpy/src/gauntpy/subsystems/players.py :: name_entry_step_char,"Direct port: the ROM address is annotated on the porting function's docstring/comment in players.py, the gauntpy convention for a one-to-one transcription.",high
0x554B6,name_entry_draw_char,complete,gauntpy/src/gauntpy/subsystems/score.py :: score.draw_player_initials_entry via display.write_alpha_large_char,MERGED ALIAS: name-entry glyph drawing folded into the score.py initials screen and the display.py alpha writers.,medium-high
0x5554E,name_entry_step_char_copy,unnecessary,none,Byte-identical dead copy of name_entry_step_char (0x55440); doc/07 records 'no discovered direct call site'.,high
0x555C4,name_entry_draw_char_copy,unnecessary,none,Byte-identical dead copy of name_entry_draw_char (0x554B6); doc/07 records 'no discovered direct call site'.,high
0x56E58,slapstic_cmd_bank0,unnecessary,none,"Slapstic bank-switch command leaf. gauntpy reads maze records through gex decode (maze.find_maze / decode_maze), so ROM bank paging has no counterpart.",high
0x56E6E,slapstic_cmd_bank3,unnecessary,none,"Slapstic bank-switch command leaf. gauntpy reads maze records through gex decode (maze.find_maze / decode_maze), so ROM bank paging has no counterpart.",high
0x56E84,slapstic_cmd_bankX,unnecessary,none,"Slapstic bank-switch command leaf. gauntpy reads maze records through gex decode (maze.find_maze / decode_maze), so ROM bank paging has no counterpart.",high
0x56E90,slapstic_cmd_maze_init,unnecessary,none,"Slapstic bank-switch command leaf. gauntpy reads maze records through gex decode (maze.find_maze / decode_maze), so ROM bank paging has no counterpart.",high
0x56E98,slapstic_cmd_bankX_special,unnecessary,none,"Slapstic bank-switch command leaf. gauntpy reads maze records through gex decode (maze.find_maze / decode_maze), so ROM bank paging has no counterpart.",high
0x56EAA,slapstic_verify,unnecessary,none,"Slapstic bank-switch command leaf. gauntpy reads maze records through gex decode (maze.find_maze / decode_maze), so ROM bank paging has no counterpart.",high
0x5DC58,mob_create,complete,gauntpy/src/gauntpy/mob.py :: mob_create,"Direct port: the ROM address is annotated on the porting function's docstring/comment in mob.py, the gauntpy convention for a one-to-one transcription.",high
0x5DCBC,moblist_insert,complete,gauntpy/src/gauntpy/mob.py :: moblist_insert,"Direct port: the ROM address is annotated on the porting function's docstring/comment in mob.py, the gauntpy convention for a one-to-one transcription.",high
0x5DD72,moblist_replace,complete,gauntpy/src/gauntpy/mob.py :: mob.move_slot / mob.insert (mob.py),MERGED ALIAS: frameless saved-register wrapper over the relink body.,high
0x5DDA8,moblist_remove,complete,gauntpy/src/gauntpy/mob.py :: moblist_remove,"Direct port: the ROM address is annotated on the porting function's docstring/comment in mob.py, the gauntpy convention for a one-to-one transcription.",high
0x5DDDA,moblist_remove_and_clear,complete,gauntpy/src/gauntpy/mob.py :: moblist_remove_and_clear,"Direct port: the ROM address is annotated on the porting function's docstring/comment in mob.py, the gauntpy convention for a one-to-one transcription.",high
0x5DE0A,move_mob_slot,complete,gauntpy/src/gauntpy/mob.py :: move_mob_slot,"Direct port: the ROM address is annotated on the porting function's docstring/comment in mob.py, the gauntpy convention for a one-to-one transcription.",high
0x5DE44,moblist_remove_and_clear_regs,unnecessary,none (body: mob.unlink_and_clear),Register/stack ABI variant that falls through into an already ported body; Python calls the single shared helper directly.,high
0x5DED4,moblist_unlink_regs,unnecessary,none (body: mob.unlink),Register/stack ABI variant that falls through into an already ported body; Python calls the single shared helper directly.,high
0x5DF5A,mob_place_tport_anim,complete,gauntpy/src/gauntpy/mob.py :: mob.insert (mob.py:206),MERGED ALIAS: mob.py:206 documents the 0x5DF5A-0x5DF9C placement-wrapper family.,high
0x5DF68,mob_place_shot,complete,"gauntpy/src/gauntpy/mob.py :: mob.insert (mob.py:206), slot bias 0",MERGED ALIAS: shot/dragon-fireball placement wrapper.,high
0x5DF72,mob_place_anim,complete,"gauntpy/src/gauntpy/mob.py :: mob.insert (mob.py:206), slot bias 0x11",MERGED ALIAS: general animation placement wrapper.,high
0x5DF80,exit_create_player_anim,complete,gauntpy/src/gauntpy/subsystems/exits.py :: exit_create_player_anim,"Direct port: the ROM address is annotated on the porting function's docstring/comment in exits.py, the gauntpy convention for a one-to-one transcription.",high
0x5DF8E,tport_create_splodey,complete,"gauntpy/src/gauntpy/subsystems/players.py :: players.handle_tport (players.py, 0x47CFE port)",MERGED ALIAS: handle_tport computes effect_slot = player_index + 0x19 (0x47D10) and then calls state.mobs.insert(depth_key=source_slot) (0x47D9E) -- exactly this wrapper's body.,medium-high
0x5DF9C,mob_place_explosion,complete,gauntpy/src/gauntpy/mob.py :: mob.insert (mob.py:206),MERGED ALIAS: explosion placement wrapper.,high
0x5DFA6,insert_mob_depth_sorted,complete,gauntpy/src/gauntpy/mob.py :: insert_mob_depth_sorted,"Direct port: the ROM address is annotated on the porting function's docstring/comment in mob.py, the gauntpy convention for a one-to-one transcription.",high
0x5E064,mob_depth_remove,complete,gauntpy/src/gauntpy/mob.py :: mob_depth_remove,"Direct port: the ROM address is annotated on the porting function's docstring/comment in mob.py, the gauntpy convention for a one-to-one transcription.",high
0x5E10C,ray_march_down,complete,gauntpy/src/gauntpy/subsystems/monsters.py :: monsters._ray_march (monsters.py:1218),MERGED ALIAS: all four ray marches share _ray_march; the downward branch is commented '0x5E10C: towards row 0' at monsters.py:1231.,high
0x5E1D8,ray_march_up,complete,gauntpy/src/gauntpy/subsystems/monsters.py :: monsters._ray_march (monsters.py:1218),"MERGED ALIAS: upward branch commented '0x5E1D8: cmpi.w #0x7C0,d2' at monsters.py:1234.",high
0x5E2A2,ray_march_left,complete,gauntpy/src/gauntpy/subsystems/monsters.py :: monsters._ray_march (monsters.py:1218) via _PROBE_LEFT,"MERGED ALIAS. Only comment-level address evidence (monsters.py:1154 lists 0x5E10C/0x5E1D8/0x5E2A2/0x5E35E), but _ray_march is called with _PROBE_LEFT at monsters.py:1298.",high
0x5E35E,ray_march_right,complete,gauntpy/src/gauntpy/subsystems/monsters.py :: monsters._ray_march (monsters.py:1218) via _PROBE_RIGHT,MERGED ALIAS; _ray_march called with _PROBE_RIGHT at monsters.py:1311.,high
0x5E41A,main_walls_random_move,complete,gauntpy/src/gauntpy/subsystems/maze_objects.py :: main_walls_random_move,"Direct port: the ROM address is annotated on the porting function's docstring/comment in maze_objects.py, the gauntpy convention for a one-to-one transcription.",high
0x5E536,pf_stamp_update,complete,gauntpy/src/gauntpy/playfield_vram.py :: playfield_vram.pf_stamp_update,Direct port.,high
0x5E542,pf_stamp_update_regs,unnecessary,none (body: playfield_vram.pf_stamp_update),Register/stack ABI variant that falls through into an already ported body; Python calls the single shared helper directly.,high
0x5E57E,tile_on_screen_d4,complete,gauntpy/src/gauntpy/subsystems/monsters.py :: tile_on_screen_d4,"Direct port: the ROM address is annotated on the porting function's docstring/comment in monsters.py, the gauntpy convention for a one-to-one transcription.",high
0x5E584,tile_on_screen_test,complete,gauntpy/src/gauntpy/subsystems/players.py :: tile_on_screen_test,"Direct port: the ROM address is annotated on the porting function's docstring/comment in players.py, the gauntpy convention for a one-to-one transcription.",high
0x5E5D2,tile_near_screen_d4,unnecessary,none (body: dragon._tile_near_screen),Register/stack ABI variant that falls through into an already ported body; Python calls the single shared helper directly. D4 entry.,high
0x5E5D8,tile_near_screen_test,complete,gauntpy/src/gauntpy/subsystems/dragon.py :: dragon._tile_near_screen (dragon.py:267),Direct port; docstring cites 0x5E5D8 including its unsigned edge tests.,high
0x5E62A,main_walls_cyclic_move,complete,gauntpy/src/gauntpy/subsystems/maze_objects.py :: main_walls_cyclic_move,"Direct port: the ROM address is annotated on the porting function's docstring/comment in maze_objects.py, the gauntpy convention for a one-to-one transcription.",high
0x5E7A6,maze_place_object_types,complete,gauntpy/src/gauntpy/subsystems/players.py :: maze_place_object_types,"Direct port: the ROM address is annotated on the porting function's docstring/comment in players.py, the gauntpy convention for a one-to-one transcription.",high
0x5E80C,maze_convert_walls_to_exits,complete,gauntpy/src/gauntpy/subsystems/players.py :: maze_convert_walls_to_exits,"Direct port: the ROM address is annotated on the porting function's docstring/comment in players.py, the gauntpy convention for a one-to-one transcription.",high
0x5E868,maze_special_floor,unnecessary,none,Converts 0x8003 alternate-wall markers to 0x8000 for wall patterns 6/11. gauntpy never writes a 0x8003 MOB picture -- assets.py:309 lists it only as a recognised marker constant -- so the conversion has no input. Wall-pattern 6/11 handling lives in maze.initialize_playfield_ram:638 and maze.py:576/581 instead.,medium
0x5E888,pf_floor_draw_xy,complete,gauntpy/src/gauntpy/maze.py :: maze.write_floor_descriptor (maze.py:243) / maze._fresh_floor_descriptor,MERGED ALIAS: register-args entry into pf_floor_update (0x5E892).,high
0x5E892,pf_floor_update,complete,gauntpy/src/gauntpy/subsystems/exits.py :: pf_floor_update,"Direct port: the ROM address is annotated on the porting function's docstring/comment in exits.py, the gauntpy convention for a one-to-one transcription.",high
0x5EA00,maze_floor_decor,complete,gauntpy/src/gauntpy/maze.py :: maze.initialize_playfield_ram (maze.py:597),MERGED: 'maze_floor_decor calls pf_floor_update once per cell' -- the per-cell floor pass is maze.py:662-667.,high
0x5EA26,pf_isblankfloor_stack,unnecessary,none (body: maze_objects.pf_isblankfloor),Register/stack ABI variant that falls through into an already ported body; Python calls the single shared helper directly.,high
0x5EA2E,pf_isblankfloor,complete,gauntpy/src/gauntpy/subsystems/maze_objects.py :: pf_isblankfloor,"Direct port: the ROM address is annotated on the porting function's docstring/comment in maze_objects.py, the gauntpy convention for a one-to-one transcription.",high
0x5EA66,pf_is_connectable_floor_xy,complete,gauntpy/src/gauntpy/maze.py :: maze._floor_adjacency (maze.py:330) + connectable probe at maze.py:287,MERGED ALIAS: register neighbour predicate for floor connectivity.,medium-high
0x5EAB8,pf_wall_draw,complete,gauntpy/src/gauntpy/maze.py :: pf_wall_draw,"Direct port: the ROM address is annotated on the porting function's docstring/comment in maze.py, the gauntpy convention for a one-to-one transcription.",high
0x5EAC2,pf_wall_draw_stack,unnecessary,none (body: maze._wall_is_visible/_wall_adjacency),Register/stack ABI variant that falls through into an already ported body; Python calls the single shared helper directly.,high
0x5F024,wall_place_playfield_update,complete,gauntpy/src/gauntpy/maze.py :: maze.write_cyclic_wall_descriptor (maze.py:355),MERGED ALIAS.,high
0x5F2C0,maze_init_walls,complete,gauntpy/src/gauntpy/maze.py :: maze.initialize_playfield_ram (maze.py:597) wall pass,MERGED: 'maze_init_walls owns wall descriptor selection and its pattern-specific random draws' -- maze.py:669-677.,high
0x5F310,mob_place_tile,complete,gauntpy/src/gauntpy/maze.py :: mob_place_tile,"Direct port: the ROM address is annotated on the porting function's docstring/comment in maze.py, the gauntpy convention for a one-to-one transcription.",high
0x5F31E,pf_replace,complete,gauntpy/src/gauntpy/subsystems/shots.py :: pf_replace,"Direct port: the ROM address is annotated on the porting function's docstring/comment in shots.py, the gauntpy convention for a one-to-one transcription.",high
0x5F598,refresh_tile_visual_stack,unnecessary,none (body: maze.set_cell_descriptor),Register/stack ABI variant that falls through into an already ported body; Python calls the single shared helper directly.,high
0x5F5A0,refresh_tile_visual,complete,gauntpy/src/gauntpy/maze.py :: maze.set_cell_descriptor (maze.py:180),MERGED ALIAS: neighbour-refresh order reproduced at maze.py:198-231.,high
0x5F644,refresh_tile_visual_legacy,unnecessary,none,doc/07: 'Unreferenced legacy 3x3 refresh'. Superseded by refresh_tile_visual (0x5F5A0) -> maze.set_cell_descriptor.,high
0x5F772,pf_isdoor_stack,unnecessary,none (body: maze_objects._is_door),Register/stack ABI variant that falls through into an already ported body; Python calls the single shared helper directly.,high
0x5F77A,pf_isdoor,complete,gauntpy/src/gauntpy/subsystems/maze_objects.py :: maze_objects._is_door (maze_objects.py:177),MERGED ALIAS.,high
0x5F7C0,maze_doors_setup,complete,gauntpy/src/gauntpy/subsystems/maze_objects.py :: maze_doors_setup,"Direct port: the ROM address is annotated on the porting function's docstring/comment in maze_objects.py, the gauntpy convention for a one-to-one transcription.",high
0x5F7F0,pf_door_update_surrounding_xy,complete,gauntpy/src/gauntpy/subsystems/maze_objects.py :: pf_door_update_surrounding_xy,"Direct port: the ROM address is annotated on the porting function's docstring/comment in maze_objects.py, the gauntpy convention for a one-to-one transcription.",high
0x5F7FA,pf_door_update_surrounding,complete,gauntpy/src/gauntpy/subsystems/maze_objects.py :: maze_objects.refresh_surrounding_door_graphics,MERGED ALIAS; invoked from maze.py:196 and maze.py:230.,high
0x5F876,pf_door_draw_xy,complete,gauntpy/src/gauntpy/subsystems/maze_objects.py :: pf_door_draw_xy,"Direct port: the ROM address is annotated on the porting function's docstring/comment in maze_objects.py, the gauntpy convention for a one-to-one transcription.",high
0x5F880,pf_door_draw,complete,gauntpy/src/gauntpy/subsystems/maze_objects.py :: maze_objects.setup_door_graphics / door graphic writer,MERGED ALIAS; invoked from maze.py:1424.,high
0x5FC22,random_seeded,complete,gauntpy/src/gauntpy/rng.py :: random_seeded,"Direct port: the ROM address is annotated on the porting function's docstring/comment in rng.py, the gauntpy convention for a one-to-one transcription.",high
0x5FC26,random_bound_stack_core,complete,gauntpy/src/gauntpy/rng.py :: rng.py (module),"Transcribed disassembly in the rng.py module docstring (rng.py:5,10); the bound-stack entry shares random_core's body.",high
0x5FC2C,random_core,complete,gauntpy/src/gauntpy/rng.py :: rng.random_core / rng.py LCG,"rng.py:3 'A 16-bit LCG, ported exactly from random_core (0x5FC2C)'; the instruction-level transcription is at rng.py:10-12.",high
0x5FC46,random_word,complete,gauntpy/src/gauntpy/rng.py :: random_word,"Direct port: the ROM address is annotated on the porting function's docstring/comment in rng.py, the gauntpy convention for a one-to-one transcription.",high
0x5FC4E,getrandom,complete,gauntpy/src/gauntpy/subsystems/exits.py :: getrandom,"Direct port: the ROM address is annotated on the porting function's docstring/comment in exits.py, the gauntpy convention for a one-to-one transcription.",high
0x5FC56,pf_isff_d0,unnecessary,"none (body: players.pf_isff, 0x5FC5E)",Register/stack ABI variant that falls through into an already ported body; Python calls the single shared helper directly.,high
0x5FC5E,pf_isff,complete,gauntpy/src/gauntpy/subsystems/players.py :: pf_isff,"Direct port: the ROM address is annotated on the porting function's docstring/comment in players.py, the gauntpy convention for a one-to-one transcription.",high
0x5FCCE,pf_palette_clear,complete,gauntpy/src/gauntpy/display.py :: pf_palette_clear,"Direct port: the ROM address is annotated on the porting function's docstring/comment in display.py, the gauntpy convention for a one-to-one transcription.",high
0x5FD14,display_state_clear,complete,gauntpy/src/gauntpy/display.py :: display_state_clear,"Direct port: the ROM address is annotated on the porting function's docstring/comment in display.py, the gauntpy convention for a one-to-one transcription.",high
0x5FD58,memclear,unnecessary,none,C-runtime utility supplied by Python builtins / list slicing. (memclear),high
0x5FD64,memclear_core,unnecessary,none,C-runtime utility supplied by Python builtins / list slicing. (memclear_core),high
0x5FD6A,copy_longwords,unnecessary,none,C-runtime utility supplied by Python builtins / list slicing. (copy_longwords),high
0x5FD80,palette_fade_copy,complete,gauntpy/src/gauntpy/display.py :: palette_fade_copy,"Direct port: the ROM address is annotated on the porting function's docstring/comment in display.py, the gauntpy convention for a one-to-one transcription.",high
0x5FDB8,supersorc_place_helper,complete,gauntpy/src/gauntpy/subsystems/monsters.py :: monsters._supersorc_place (monsters.py:2351),"MERGED: placement helper folded into _supersorc_place, called at monsters.py:2303 under the '# Super Sorcerer placement (0x5FDE0)' banner.",high
0x5FDE0,supersorc_place,complete,gauntpy/src/gauntpy/subsystems/monsters.py :: supersorc_place,"Direct port: the ROM address is annotated on the porting function's docstring/comment in monsters.py, the gauntpy convention for a one-to-one transcription.",high
